t,Ip,Ii,G
0.0,35.999996,43.998634,11000.22
1.0,37.008286,44.240753,11053.224
2.0,39.188828,44.770542,11104.983
3.0,41.900043,45.793674,11156.854
4.0,44.42599,47.268543,11206.212
5.0,46.53163,49.0971,11255.477
6.0,48.210136,51.165657,11304.001
7.0,49.568115,53.359165,11351.179
8.0,50.737854,55.584427,11397.218
9.0,51.804474,57.78163,11442.147
10.0,52.82351,59.896294,11485.4375
11.0,53.8284,61.948624,11528.082
12.0,54.82597,63.920097,11569.246
13.0,55.809174,65.84425,11608.924
14.0,56.76552,67.72989,11646.966
15.0,57.697704,69.59601,11684.418
16.0,58.59326,71.45409,11719.789
17.0,59.453568,73.306465,11753.906
18.0,60.283195,75.1618,11786.776
19.0,61.088093,77.030945,11817.888
20.0,61.87909,78.904945,11847.778
21.0,62.644146,80.78201,11876.012
22.0,63.37774,82.65791,11902.638
23.0,64.1026,84.54416,11927.762
24.0,64.804695,86.43375,11951.363
25.0,65.47739,88.3076,11973.153
26.0,66.12529,90.19682,11993.465
27.0,66.738266,92.06117,12011.831
28.0,67.34515,93.95296,12029.327
29.0,67.90714,95.80515,12044.67
30.0,68.43059,97.6452,12058.163
31.0,68.931625,99.45949,12070.309
32.0,69.413925,101.285706,12080.833
33.0,69.85434,103.058044,12089.615
34.0,70.268,104.832146,12096.638
35.0,70.64712,106.55406,12101.905
36.0,71.00254,108.2621,12105.5205
37.0,71.32152,109.91947,12107.486
38.0,71.59871,111.550026,12107.652
39.0,71.84214,113.16116,12105.852
40.0,72.05369,114.718506,12102.513
41.0,72.21734,116.23296,12097.156
42.0,72.35431,117.71573,12090.322
43.0,72.46083,119.17062,12081.814
44.0,72.52614,120.600296,12071.365
45.0,72.55758,121.98847,12059.193
46.0,72.5455,123.32883,12045.067
47.0,72.50133,124.659615,12029.044
48.0,72.420235,125.95777,12011.565
49.0,72.29913,127.227646,11992.071
50.0,72.137115,128.44208,11970.718
51.0,71.95178,129.67883,11947.57
52.0,71.72159,130.82715,11922.672
53.0,71.452126,131.94833,11895.946
54.0,71.15746,133.02885,11867.705
55.0,70.82008,134.06445,11837.465
56.0,70.45892,135.03894,11805.311
57.0,70.05748,135.94339,11771.787
58.0,69.62105,136.76947,11736.506
59.0,69.15979,137.5455,11699.792
60.0,68.66164,138.23036,11661.464
61.0,68.14784,138.87253,11621.496
62.0,67.59441,139.42749,11579.738
63.0,67.01286,139.93224,11536.741
64.0,66.415276,140.40242,11492.595
65.0,65.79204,140.82364,11447.26
66.0,65.149025,141.19615,11400.446
67.0,64.48918,141.535,11352.891
68.0,63.811893,141.82498,11303.99
69.0,63.11255,142.07544,11254.67
70.0,62.413837,142.2833,11204.556
71.0,61.704376,142.44579,11153.966
72.0,60.98076,142.55313,11102.613
73.0,60.249847,142.58931,11051.065
74.0,59.509552,142.56831,10999.085
75.0,58.76999,142.48077,10947.55
76.0,58.02941,142.33395,10895.777
77.0,57.287292,142.13997,10844.078
78.0,56.558304,141.88043,10792.699
79.0,55.830532,141.57257,10741.368
80.0,55.116478,141.25244,10690.687
81.0,54.4107,140.8862,10640.756
82.0,53.714394,140.50865,10591.888
83.0,53.022537,140.13159,10543.468
84.0,52.341446,139.72299,10495.925
85.0,51.66781,139.27121,10449.534
86.0,51.01521,138.81946,10404.297
87.0,50.383762,138.34082,10360.198
88.0,49.76908,137.82224,10317.601
89.0,49.169746,137.24954,10276.533
90.0,48.58619,136.67339,10236.562
91.0,48.024483,136.03749,10198.345
92.0,47.487885,135.41962,10161.389
93.0,46.963333,134.74466,10126.493
94.0,46.461456,134.0911,10092.751
95.0,45.970127,133.39998,10060.955
96.0,45.503296,132.70337,10030.845
97.0,45.05707,132.00278,10002.356
98.0,44.629807,131.24707,9975.795
99.0,44.232903,130.54504,9950.463
100.0,43.855232,129.8053,9927.663
101.0,43.494987,129.07033,9905.97
102.0,43.156353,128.361,9885.976
103.0,42.82902,127.585846,9867.963
104.0,42.52096,126.82974,9851.587
105.0,42.232895,126.0945,9836.6
106.0,41.96437,125.32597,9823.468
107.0,41.715965,124.58963,9811.684
108.0,41.483402,123.85275,9801.531
109.0,41.26961,123.117966,9793.0205
110.0,41.073402,122.40551,9785.561
111.0,40.890167,121.67786,9780.187
112.0,40.72658,120.99936,9775.636
113.0,40.57354,120.304825,9772.709
114.0,40.43939,119.62253,9770.939
115.0,40.32203,118.987274,9770.154
116.0,40.21231,118.330124,9770.953
117.0,40.117332,117.68769,9772.735
118.0,40.038048,117.0694,9775.391
119.0,39.973934,116.48701,9778.632
120.0,39.920845,115.88424,9783.48
121.0,39.880684,115.2802,9789.235
122.0,39.848186,114.696,9795.674
123.0,39.828285,114.1403,9802.657
124.0,39.818462,113.56343,9811.162
125.0,39.821365,113.00698,9820.052
126.0,39.834816,112.46945,9829.432
127.0,39.857918,111.92911,9839.779
128.0,39.88813,111.418655,9850.91
129.0,39.92816,110.9073,9862.462
130.0,39.978477,110.43121,9874.492
131.0,40.037643,109.98137,9887.067
132.0,40.101387,109.54416,9900.268
133.0,40.17614,109.12696,9913.803
134.0,40.259132,108.74541,9927.803
135.0,40.352276,108.389114,9942.209
136.0,40.449768,108.043755,9957.259
137.0,40.554222,107.7339,9972.549
138.0,40.664253,107.47682,9987.726
139.0,40.7788,107.23201,10003.35
140.0,40.899937,106.97296,10019.5
141.0,41.0306,106.7697,10035.452
142.0,41.16182,106.501465,10052.193
143.0,41.299812,106.256836,10068.812
144.0,41.444435,106.02448,10085.623
145.0,41.59086,105.76033,10102.716
146.0,41.74534,105.528206,10119.759
147.0,41.904503,105.29325,10136.828
148.0,42.06551,105.06878,10154.291
149.0,42.228302,104.87477,10171.416
150.0,42.39487,104.69284,10189.066
151.0,42.563274,104.545166,10206.291
152.0,42.737106,104.42163,10223.856
153.0,42.9168,104.32618,10241.28
154.0,43.10011,104.26251,10258.509
155.0,43.28294,104.21796,10275.952
156.0,43.468197,104.20024,10293.0625
157.0,43.655495,104.19302,10310.509
158.0,43.844322,104.20564,10327.823
159.0,44.03733,104.25433,10344.724
160.0,44.23271,104.29531,10361.788
161.0,44.43257,104.367485,10378.452
162.0,44.630646,104.419426,10395.082
163.0,44.82454,104.47136,10411.441
164.0,45.022884,104.53062,10428.118
165.0,45.218555,104.59535,10444.418
166.0,45.408913,104.642685,10460.298
167.0,45.606934,104.68852,10476.307
168.0,45.808464,104.76041,10491.88
169.0,46.01475,104.84607,10507.231
170.0,46.21679,104.91825,10522.28
171.0,46.418846,105.007965,10537.236
172.0,46.62145,105.11989,10552.09
173.0,46.8181,105.25806,10566.436
174.0,47.007748,105.39503,10580.745
175.0,47.20117,105.57765,10594.784
176.0,47.387123,105.75687,10608.348
177.0,47.57764,105.964005,10621.676
178.0,47.765575,106.15707,10634.755
179.0,47.957584,106.35713,10647.401
180.0,48.151985,106.54636,10659.829
181.0,48.34233,106.74278,10671.995
182.0,48.526817,106.92258,10683.836
183.0,48.70815,107.13461,10695.418
184.0,48.878178,107.34051,10706.759
185.0,49.046253,107.579475,10717.475
186.0,49.21138,107.80994,10727.7295
187.0,49.376305,108.055695,10738.164
188.0,49.546864,108.34501,10748.167
189.0,49.7098,108.6239,10757.688
190.0,49.865032,108.90968,10766.59
191.0,50.02104,109.21547,10775.215
192.0,50.17297,109.49344,10783.855
193.0,50.317753,109.7876,10792.168
194.0,50.455563,110.07039,10799.826
195.0,50.591934,110.35326,10807.348
196.0,50.72486,110.61457,10814.439
197.0,50.854782,110.89187,10820.97
198.0,50.980484,111.159134,10827.376
199.0,51.098648,111.41343,10833.414
200.0,51.217434,111.68262,10838.962
201.0,51.32733,111.93258,10844.037
202.0,51.432594,112.18236,10848.815
203.0,51.536835,112.44812,10853.289
204.0,51.632782,112.69348,10857.418
205.0,51.7247,112.93713,10861.156
206.0,51.81492,113.188354,10864.512
207.0,51.897255,113.43325,10867.469
208.0,51.97356,113.66586,10870.091
209.0,52.045723,113.89389,10872.366
210.0,52.114456,114.13573,10874.232
211.0,52.175117,114.35366,10875.88
212.0,52.234993,114.583496,10877.113
213.0,52.288757,114.82321,10878.105
214.0,52.33432,115.05602,10878.741
215.0,52.379154,115.31648,10879.012
216.0,52.415462,115.5784,10878.973
217.0,52.450462,115.85733,10878.605
218.0,52.477608,116.10443,10878.0
219.0,52.506542,116.39771,10877.002
220.0,52.52382,116.63866,10875.762
221.0,52.53849,116.8719,10874.194
222.0,52.553253,117.106735,10872.357
223.0,52.557594,117.30265,10870.262
224.0,52.557976,117.49385,10867.855
225.0,52.553555,117.65083,10865.292
226.0,52.54619,117.80136,10862.493
227.0,52.533405,117.96202,10859.329
228.0,52.515038,118.07663,10856.112
229.0,52.50074,118.235306,10852.446
230.0,52.477898,118.356834,10848.589
231.0,52.458073,118.514175,10844.474
232.0,52.43243,118.67655,10840.285
233.0,52.39894,118.83917,10836.061
234.0,52.355194,119.003204,10831.586
235.0,52.311974,119.180275,10826.725
236.0,52.261993,119.36831,10821.636
237.0,52.206814,119.5461,10816.477
238.0,52.155865,119.69859,10811.336
239.0,52.110382,119.84348,10805.943
240.0,52.06488,119.95889,10800.63
241.0,52.020325,120.092285,10794.617
242.0,51.96334,120.187485,10789.184
243.0,51.901024,120.26253,10783.387
244.0,51.83293,120.36345,10777.582
245.0,51.758137,120.38548,10771.64
246.0,51.681175,120.42275,10765.524
247.0,51.60765,120.44427,10759.355
248.0,51.53547,120.46001,10753.405
249.0,51.468567,120.45657,10747.3
250.0,51.403084,120.47194,10741.133
251.0,51.33282,120.50499,10734.971
252.0,51.25611,120.4789,10728.709
253.0,51.17915,120.50696,10722.616
254.0,51.10015,120.51038,10716.492
255.0,51.02372,120.528564,10710.409
256.0,50.945843,120.52199,10704.296
257.0,50.867645,120.51375,10698.176
258.0,50.787132,120.50168,10692.111
259.0,50.708103,120.48889,10686.092
260.0,50.63023,120.449486,10680.138
261.0,50.552155,120.43448,10674.383
262.0,50.472626,120.40004,10668.471
263.0,50.392643,120.36657,10662.802
264.0,50.31831,120.34173,10657.216
265.0,50.241657,120.266174,10651.697
266.0,50.164597,120.21379,10646.153
267.0,50.09005,120.187614,10640.81
268.0,50.013145,120.125595,10635.4375
269.0,49.941097,120.0983,10630.382
270.0,49.867096,120.03514,10625.414
271.0,49.794403,120.007935,10620.412
272.0,49.720974,119.94479,10615.708
273.0,49.650726,119.87427,10610.936
274.0,49.58415,119.81355,10606.608
275.0,49.51807,119.75772,10602.033
276.0,49.453346,119.690506,10597.955
277.0,49.389824,119.63631,10593.791
278.0,49.32595,119.53981,10589.8545
279.0,49.264458,119.47464,10585.867
280.0,49.200657,119.36078,10582.38
281.0,49.145084,119.30714,10578.916
282.0,49.087273,119.20366,10575.616
283.0,49.033783,119.11862,10572.473
284.0,48.980137,119.03183,10569.122
285.0,48.931767,118.92914,10566.352
286.0,48.876778,118.79799,10563.589
287.0,48.83097,118.69261,10561.028
288.0,48.78873,118.58409,10558.6
289.0,48.740868,118.45482,10556.192
290.0,48.70037,118.33422,10554.126
291.0,48.656956,118.207565,10552.251
292.0,48.618187,118.06788,10550.396
293.0,48.586555,117.9518,10548.881
294.0,48.550987,117.811295,10547.13
295.0,48.517693,117.698395,10545.651
296.0,48.485115,117.56753,10544.751
297.0,48.461895,117.42529,10544.404
298.0,48.4492,117.29477,10542.6045
299.0,48.44036,117.16751,10541.336
300.0,48.379555,117.04318,10541.074
301.0,48.997345,116.969604,11031.899
302.0,50.91105,116.95694,11521.476
303.0,54.197624,117.12196,11998.742
304.0,58.772972,117.48177,12469.509
305.0,64.58976,118.18105,12928.751
306.0,71.6358,119.31311,13381.201
307.0,79.82283,120.925865,13824.208
308.0,89.15349,123.16408,14254.822
309.0,99.60057,126.01303,14675.732
310.0,111.24217,129.55353,15085.379
311.0,124.07019,133.79288,15481.54
312.0,138.12915,138.78146,15865.471
313.0,153.36798,144.5955,16233.338
314.0,169.45819,151.27777,16585.777
315.0,186.37529,158.74228,16917.514
316.0,203.9872,166.94858,17232.238
317.0,222.3479,175.99881,17522.904
318.0,240.52843,186.1485,17789.906
319.0,258.36826,197.38174,18029.97
320.0,275.716,209.59187,18239.426
321.0,292.43274,222.6795,18418.957
322.0,308.36404,236.45886,18561.938
323.0,323.20157,250.83768,18668.465
324.0,336.60153,265.70493,18735.396
325.0,348.23975,280.91086,18760.324
326.0,357.80457,296.35336,18739.992
327.0,364.93015,311.7657,18673.047
328.0,369.37314,327.1791,18560.39
329.0,370.8959,342.33478,18402.111
330.0,369.53967,357.14114,18202.84
331.0,365.45535,371.3349,17968.3
332.0,358.94794,384.87125,17704.33
333.0,350.3801,397.4565,17416.744
334.0,340.05618,409.0578,17112.512
335.0,328.24234,419.53625,16796.586
336.0,315.20377,429.01117,16472.541
337.0,301.18323,437.3572,16143.641
338.0,286.4737,444.5269,15813.775
339.0,271.35815,450.60648,15484.245
340.0,256.1174,455.58038,15157.318
341.0,241.09537,459.34363,14834.949
342.0,226.66165,461.9803,14520.025
343.0,212.91675,463.4605,14209.738
344.0,200.14001,463.92764,13909.891
345.0,188.33589,463.52313,13619.62
346.0,177.081,462.41647,13334.766
347.0,166.40582,460.61444,13061.429
348.0,156.33983,458.3048,12800.41
349.0,146.93721,455.58545,12546.523
350.0,138.32147,452.36575,12305.075
351.0,130.40125,448.70737,12073.426
352.0,123.19907,444.60773,11851.839
353.0,116.62703,440.0709,11640.904
354.0,110.63042,435.36124,11440.268
355.0,105.14194,430.30508,11248.418
356.0,100.1316,425.17258,11069.118
357.0,95.517746,419.75638,10896.445
358.0,91.27046,414.30112,10733.8955
359.0,87.39936,408.69833,10580.948
360.0,83.83181,403.02545,10434.316
361.0,80.55301,397.24133,10296.218
362.0,77.550545,391.43085,10165.763
363.0,74.766174,385.58386,10042.556
364.0,72.218994,379.7886,9926.97
365.0,69.87682,373.8837,9818.78
366.0,67.696,367.999,9715.501
367.0,65.68266,362.24692,9619.126
368.0,63.788017,356.38052,9528.408
369.0,62.0429,350.64407,9443.739
370.0,60.417973,344.91843,9364.341
371.0,58.9031,339.25702,9289.87
372.0,57.478813,333.58987,9220.109
373.0,56.147682,328.02643,9155.501
374.0,54.890144,322.50168,9094.645
375.0,53.711155,317.0891,9038.26
376.0,52.603447,311.71344,8986.515
377.0,51.561947,306.43475,8938.129
378.0,50.57988,301.29248,8892.838
379.0,49.649704,296.15576,8851.253
380.0,48.77654,291.17175,8813.264
381.0,47.94181,286.25787,8778.042
382.0,47.15743,281.46307,8745.925
383.0,46.409393,276.73425,8716.887
384.0,45.700176,272.09656,8690.025
385.0,45.02864,267.5971,8665.722
386.0,44.389904,263.1357,8644.1455
387.0,43.784103,258.8129,8624.407
388.0,43.205505,254.574,8607.295
389.0,42.6537,250.33356,8592.459
390.0,42.128708,246.216,8579.636
391.0,41.63056,242.19809,8568.518
392.0,41.155434,238.2002,8559.687
393.0,40.706066,234.26389,8553.797
394.0,40.27926,230.40967,8549.482
395.0,39.88046,226.61848,8548.035
396.0,39.500587,222.90485,8548.73
397.0,39.14694,219.2753,8552.754
398.0,38.81916,215.72197,8560.252
399.0,38.511856,212.21082,8571.61
400.0,38.232185,208.76743,8587.449
401.0,37.98042,205.44046,8607.347
402.0,37.764023,202.2013,8633.438
403.0,37.58292,199.0627,8665.41
404.0,37.44063,196.00006,8704.188
405.0,37.34236,193.03786,8749.925
406.0,37.290863,190.13919,8803.681
407.0,37.2892,187.32295,8865.47
408.0,37.34689,184.61249,8935.146
409.0,37.464024,181.94685,9012.969
410.0,37.643425,179.39432,9098.144
411.0,37.8936,176.90599,9190.682
412.0,38.21637,174.53166,9290.176
413.0,38.6155,172.21638,9396.184
414.0,39.094746,169.98486,9507.808
415.0,39.65388,167.87822,9623.833
416.0,40.292892,165.83798,9743.975
417.0,41.016678,163.9155,9867.975
418.0,41.82146,162.05067,9995.086
419.0,42.71536,160.31424,10124.587
420.0,43.693485,158.69211,10255.648
421.0,44.75634,157.16727,10388.079
422.0,45.90569,155.728,10521.147
423.0,47.14482,154.43854,10655.264
424.0,48.458977,153.25748,10788.865
425.0,49.857555,152.16052,10922.905
426.0,51.33155,151.2044,11055.906
427.0,52.894283,150.40366,11188.137
428.0,54.54218,149.73494,11319.489
429.0,56.260857,149.19653,11449.147
430.0,58.05819,148.81998,11577.413
431.0,59.925217,148.5777,11703.901
432.0,61.87081,148.51154,11828.387
433.0,63.88327,148.58432,11950.919
434.0,65.93915,148.80663,12070.712
435.0,68.04433,149.19345,12188.148
436.0,70.20099,149.67677,12303.061
437.0,72.40252,150.27594,12414.584
438.0,74.67015,150.97006,12523.413
439.0,76.98944,151.77017,12628.882
440.0,79.345825,152.6237,12730.523
441.0,81.742584,153.57465,12829.361
442.0,84.13986,154.63618,12923.578
443.0,86.5228,155.82047,13014.211
444.0,88.869446,157.13742,13100.637
445.0,91.18526,158.62,13182.799
446.0,93.47119,160.21492,13260.913
447.0,95.746506,161.94725,13334.396
448.0,98.021034,163.80927,13402.36
449.0,100.26105,165.76157,13464.816
450.0,102.457565,167.8179,13523.429
451.0,104.58561,170.00214,13577.292
452.0,106.592476,172.24344,13624.436
453.0,108.47664,174.57983,13665.892
454.0,110.23511,177.00327,13702.173
455.0,111.84773,179.47537,13732.051
456.0,113.32495,181.97917,13755.618
457.0,114.6729,184.49203,13772.711
458.0,115.88753,187.02072,13782.626
459.0,116.96451,189.5516,13786.466
460.0,117.85311,192.02313,13782.775
461.0,118.56015,194.47241,13771.43
462.0,119.05382,196.88104,13753.104
463.0,119.3225,199.21939,13726.679
464.0,119.36472,201.50911,13692.575
465.0,119.1767,203.68578,13650.249
466.0,118.77887,205.8036,13599.94
467.0,118.17911,207.84402,13541.742
468.0,117.364555,209.76987,13475.618
469.0,116.31677,211.57684,13401.101
470.0,115.06531,213.2917,13318.46
471.0,113.60249,214.87152,13228.398
472.0,111.9394,216.30635,13131.291
473.0,110.081985,217.57729,13027.188
474.0,108.06243,218.7084,12916.406
475.0,105.897224,219.67676,12799.873
476.0,103.62363,220.45563,12678.886
477.0,101.2144,221.05756,12552.677
478.0,98.69768,221.48155,12422.146
479.0,96.11157,221.73277,12288.576
480.0,93.500305,221.81076,12152.803
481.0,90.86953,221.72003,12015.119
482.0,88.21048,221.4657,11875.355
483.0,85.56524,221.0527,11735.586
484.0,82.93245,220.45366,11595.477
485.0,80.35396,219.7345,11456.117
486.0,77.798836,218.79573,11316.621
487.0,75.32248,217.74907,11178.489
488.0,72.91145,216.54752,11041.982
489.0,70.57361,215.23172,10907.201
490.0,68.313065,213.81055,10774.134
491.0,66.13844,212.25395,10644.137
492.0,64.02908,210.5702,10516.019
493.0,62.007317,208.84248,10390.776
494.0,60.072716,207.01634,10268.257
495.0,58.237053,205.12988,10149.163
496.0,56.49421,203.20908,10033.86
497.0,54.82759,201.19708,9921.626
498.0,53.230614,199.17197,9812.84
499.0,51.697285,197.098,9708.268
500.0,50.226196,194.99786,9607.264
501.0,48.829037,192.8404,9509.987
502.0,47.517136,190.65155,9416.557
503.0,46.291195,188.45563,9327.303
504.0,45.13209,186.18561,9242.85
505.0,44.041046,183.95215,9163.262
506.0,43.003952,181.7255,9087.962
507.0,42.025845,179.48715,9018.087
508.0,41.103184,177.30356,8952.157
509.0,40.22913,175.07419,8892.063
510.0,39.416916,172.84567,8838.151
511.0,38.655785,170.60025,8789.755
512.0,37.94832,168.3364,8745.932
513.0,37.302555,166.04388,8709.199
514.0,36.7013,163.75037,8678.374
515.0,36.14606,161.5073,8653.855
516.0,35.635063,159.29855,8635.611
517.0,35.178574,157.18973,8623.429
518.0,34.77421,155.10977,8617.81
519.0,34.420208,153.11609,8618.118
520.0,34.115086,151.16937,8624.889
521.0,33.85514,149.31953,8637.148
522.0,33.635975,147.45705,8655.593
523.0,33.45781,145.65726,8679.03
524.0,33.32604,143.87639,8707.988
525.0,33.241985,142.13242,8741.53
526.0,33.199757,140.39641,8780.071
527.0,33.19952,138.72995,8821.862
528.0,33.23804,137.05197,8868.57
529.0,33.315025,135.41777,8918.677
530.0,33.43186,133.85278,8971.961
531.0,33.585243,132.29521,9027.568
532.0,33.77594,130.81165,9086.205
533.0,34.002575,129.3522,9147.267
534.0,34.268105,127.95357,9210.224
535.0,34.565216,126.59355,9274.786
536.0,34.896408,125.297195,9340.962
537.0,35.257236,124.076645,9408.357
538.0,35.648224,122.93581,9476.561
539.0,36.069946,121.85057,9546.118
540.0,36.51826,120.842636,9616.594
541.0,36.994156,119.918594,9687.196
542.0,37.497322,119.04539,9757.926
543.0,38.03008,118.24183,9829.652
544.0,38.59146,117.53204,9901.118
545.0,39.173626,116.84254,9972.76
546.0,39.780224,116.2307,10044.107
547.0,40.40828,115.662895,10115.458
548.0,41.058563,115.15571,10186.577
549.0,41.729027,114.7001,10257.269
550.0,42.43066,114.27928,10327.898
551.0,43.14981,113.92992,10397.636
552.0,43.890293,113.6286,10466.962
553.0,44.644203,113.3895,10535.574
554.0,45.409428,113.24108,10603.598
555.0,46.184338,113.15896,10671.137
556.0,46.971645,113.13202,10737.571
557.0,47.775547,113.17727,10803.067
558.0,48.60487,113.2514,10867.753
559.0,49.458447,113.33677,10931.586
560.0,50.329964,113.453384,10994.496
561.0,51.20831,113.557785,11056.147
562.0,52.090954,113.684975,11116.625
563.0,52.96614,113.86961,11175.526
564.0,53.843487,114.11971,11233.744
565.0,54.721,114.43738,11290.696
566.0,55.602554,114.801315,11346.213
567.0,56.501343,115.27005,11400.535
568.0,57.398605,115.792946,11452.907
569.0,58.30342,116.3849,11504.538
570.0,59.198914,117.04239,11554.206
571.0,60.095287,117.76506,11602.673
572.0,60.980316,118.52143,11649.287
573.0,61.855743,119.318535,11694.121
574.0,62.729324,120.14513,11737.875
575.0,63.588882,121.013535,11779.766
576.0,64.43698,121.9109,11820.037
577.0,65.27201,122.8203,11858.587
578.0,66.08676,123.76163,11894.928
579.0,66.893524,124.72527,11929.825
580.0,67.67648,125.69391,11962.644
581.0,68.44185,126.68747,11993.979
582.0,69.18457,127.70572,12023.181
583.0,69.897,128.72704,12050.105
584.0,70.5876,129.76074,12075.626
585.0,71.249565,130.82632,12098.642
586.0,71.87549,131.87509,12119.504
587.0,72.48215,132.94235,12138.912
588.0,73.05293,134.02145,12155.696
589.0,73.589035,135.09544,12170.734
590.0,74.08377,136.16452,12183.33
591.0,74.54292,137.23029,12194.049
592.0,74.96826,138.3215,12202.324
593.0,75.34773,139.37794,12208.39
594.0,75.70024,140.46101,12212.549
595.0,76.002045,141.5147,12214.206
596.0,76.258705,142.55185,12213.511
597.0,76.479576,143.59494,12210.789
598.0,76.64606,144.60939,12205.406
599.0,76.77125,145.60916,12197.948
600.0,76.845695,146.6015,12188.208
601.0,76.87625,147.56796,12176.324
602.0,76.85752,148.51227,12161.886
603.0,76.797714,149.4212,12145.255
604.0,76.68913,150.30475,12126.502
605.0,76.537735,151.176,12105.205
606.0,76.33465,152.01169,12081.691
607.0,76.09743,152.83675,12056.236
608.0,75.802795,153.60352,12028.37
609.0,75.46366,154.34363,11998.454
610.0,75.083176,155.05861,11966.471
611.0,74.657196,155.71289,11932.213
612.0,74.198715,156.37051,11896.216
613.0,73.69965,156.94156,11858.31
614.0,73.15817,157.46504,11818.505
615.0,72.58699,157.94946,11776.755
616.0,71.983765,158.37396,11733.846
617.0,71.34209,158.70282,11689.065
618.0,70.67359,158.98355,11642.843
619.0,69.985435,159.21233,11595.47
620.0,69.27254,159.34201,11547.313
621.0,68.54207,159.4277,11497.734
622.0,67.78525,159.38498,11447.0205
623.0,67.01211,159.35724,11395.23
624.0,66.224594,159.20673,11343.182
625.0,65.42351,158.9674,11290.994
626.0,64.62055,158.74008,11237.598
627.0,63.80533,158.40228,11183.934
628.0,62.98545,158.07213,11130.119
629.0,62.168594,157.68167,11077.031
630.0,61.362007,157.30627,11023.595
631.0,60.576035,156.90735,10970.861
632.0,59.7918,156.51007,10918.214
633.0,58.993446,156.11107,10865.761
634.0,58.190754,155.79208,10813.923
635.0,57.3904,155.43085,10764.014
636.0,56.60221,155.11284,10714.884
637.0,55.82305,154.72485,10666.204
638.0,55.08631,154.2594,10618.967
639.0,54.396183,153.69046,10572.835
640.0,53.75088,153.01996,10528.623
641.0,53.113922,152.24332,10485.878
642.0,52.474068,151.3699,10444.097
643.0,51.83693,150.4213,10404.734
644.0,51.203106,149.40552,10366.829
645.0,50.60843,148.36539,10330.815
646.0,50.072857,147.3242,10296.671
647.0,49.58046,146.2956,10264.105
648.0,49.118767,145.29291,10234.247
649.0,48.6196,144.3293,10182.287
650.0,48.03814,143.45007,10178.422
651.0,48.03813,142.67982,10487.909
652.0,48.78682,142.00803,10785.299
653.0,50.12833,141.48978,11082.763
654.0,52.12181,141.07877,11374.314
655.0,54.691784,140.8204,11661.079
656.0,57.787544,140.75711,11946.804
657.0,61.307995,140.85216,12224.228
658.0,65.29316,141.16475,12499.693
659.0,69.65796,141.69702,12767.3
660.0,74.44818,142.49777,13031.183
661.0,79.65437,143.54674,13290.476
662.0,85.26936,144.89653,13542.462
663.0,91.280334,146.60764,13787.608
664.0,97.6649,148.6481,14026.921
665.0,104.37529,151.09586,14258.295
666.0,111.371994,153.92793,14480.75
667.0,118.677986,157.21149,14695.356
668.0,126.18773,160.8905,14898.991
669.0,133.90366,165.04503,15092.706
670.0,141.72844,169.54791,15275.264
671.0,149.6368,174.49664,15445.587
672.0,157.55463,179.80574,15603.339
673.0,165.39061,185.46086,15747.2
674.0,173.07782,191.46439,15875.938
675.0,180.50098,197.74013,15988.488
676.0,187.58847,204.3348,16083.993
677.0,194.24963,211.18958,16161.632
678.0,200.38997,218.27116,16220.814
679.0,205.90915,225.5431,16259.481
680.0,210.72662,232.9737,16277.3545
681.0,214.7189,240.4649,16273.139
682.0,217.842,247.99545,16246.669
683.0,219.97266,255.48174,16196.677
684.0,221.12494,262.88763,16124.316
685.0,221.23157,270.17078,16029.08
686.0,220.2402,277.11847,15911.04
687.0,218.24576,283.82578,15773.697
688.0,215.28737,290.21283,15618.626
689.0,211.43472,296.18298,15446.59
690.0,206.80875,301.72668,15261.77
691.0,201.49234,306.80988,15065.125
692.0,195.59067,311.35974,14860.476
693.0,189.19594,315.41714,14649.3955
694.0,182.45964,318.8873,14434.622
695.0,175.50089,321.82288,14217.021
696.0,168.45073,324.26358,13997.757
697.0,161.3841,326.07153,13778.884
698.0,154.44116,327.373,13561.409
699.0,147.70004,328.1258,13346.49
700.0,141.10843,328.3836,13133.789
701.0,134.7691,328.2133,12924.475
702.0,128.68777,327.66806,12719.801
703.0,122.82336,326.68628,12520.51
704.0,117.15091,325.36624,12324.087
705.0,111.846436,323.74457,12133.916
706.0,106.831856,321.84464,11949.127
707.0,102.0791,319.75214,11769.487
708.0,97.66658,317.42062,11595.499
709.0,93.55824,315.05048,11427.11
710.0,89.702705,312.424,11264.8545
711.0,86.10997,309.63562,11108.211
712.0,82.718765,306.7222,10955.711
713.0,79.5309,303.65955,10809.864
714.0,76.50787,300.42035,10669.816
715.0,73.69801,297.0614,10534.238
716.0,71.080925,293.49957,10403.796
717.0,68.63203,289.86115,10279.005
718.0,66.34946,286.13824,10159.537
719.0,64.218216,282.37033,10044.026
720.0,62.224365,278.59283,9934.029
721.0,60.34441,274.82074,9828.193
722.0,58.579872,271.11166,9726.738
723.0,56.920074,267.35754,9629.414
724.0,55.369904,263.6488,9536.79
725.0,53.89987,259.91278,9447.671
726.0,52.50795,256.20563,9363.129
727.0,51.197548,252.5546,9281.511
728.0,49.970383,248.94559,9203.757
729.0,48.810017,245.30505,9129.642
730.0,47.70485,241.67117,9058.946
731.0,46.661034,238.15314,8990.906
732.0,45.66621,234.5495,8927.078
733.0,44.725258,230.99393,8866.238
734.0,43.829292,227.48547,8807.828
735.0,42.982758,224.00046,8752.837
736.0,42.175404,220.52951,8701.208
737.0,41.406425,217.12868,8652.215
738.0,40.67832,213.76024,8606.576
739.0,39.982483,210.46875,8564.007
740.0,39.321815,207.19981,8524.759
741.0,38.694912,203.98624,8489.534
742.0,38.09784,200.803,8458.046
743.0,37.536743,197.71811,8430.275
744.0,37.012413,194.68414,8406.81
745.0,36.52078,191.70566,8388.444
746.0,36.06184,188.79398,8375.532
747.0,35.637024,185.91069,8368.508
748.0,35.24595,183.13554,8367.047
749.0,34.89763,180.35646,8373.229
750.0,34.585243,177.66495,8385.873
751.0,34.321968,175.01797,8406.372
752.0,34.101753,172.44211,8434.51
753.0,33.92769,169.89899,8470.205
754.0,33.803513,167.41507,8514.487
755.0,33.72495,165.01382,8566.014
756.0,33.70876,162.62366,8625.961
757.0,33.746826,160.32513,8692.677
758.0,33.84346,158.08731,8765.969
759.0,34.0035,155.89514,8845.906
760.0,34.221916,153.78412,8931.134
761.0,34.502445,151.74149,9022.033
762.0,34.845474,149.76904,9117.498
763.0,35.2445,147.89587,9216.493
764.0,35.702164,146.08832,9318.696
765.0,36.220123,144.39304,9423.961
766.0,36.805016,142.75583,9532.28
767.0,37.440437,141.27972,9641.087
768.0,38.142975,139.85513,9752.192
769.0,38.90465,138.49406,9864.791
770.0,39.726288,137.29065,9978.103
771.0,40.60681,136.15858,10091.703
772.0,41.543552,135.08965,10205.61
773.0,42.534664,134.15501,10319.062
774.0,43.577526,133.26067,10432.753
775.0,44.663822,132.47188,10545.523
776.0,45.80771,131.75092,10658.31
777.0,47.00757,131.12549,10770.328
778.0,48.260498,130.577,10881.147
779.0,49.56859,130.10814,10990.683
780.0,50.925903,129.73984,11099.196
781.0,52.314945,129.45631,11205.662
782.0,53.7583,129.31194,11311.456
783.0,55.247585,129.24821,11415.78
784.0,56.77982,129.30597,11518.306
785.0,58.332577,129.46443,11618.364
786.0,59.914745,129.7284,11716.251
787.0,61.5465,130.11444,11812.744
788.0,63.20883,130.61237,11907.093
789.0,64.905045,131.22453,11999.611
790.0,66.60004,131.91954,12088.634
791.0,68.321724,132.7518,12175.386
792.0,70.06104,133.66383,12259.694
793.0,71.81852,134.70337,12341.792
794.0,73.56299,135.7869,12420.328
795.0,75.32044,136.9838,12496.614
796.0,77.06035,138.20197,12569.084
797.0,78.80182,139.52963,12638.909
798.0,80.531364,140.91048,12705.383
799.0,82.232056,142.32607,12768.307
800.0,83.918625,143.8194,12828.006
801.0,85.56687,145.37582,12884.323
802.0,87.18497,146.98575,12937.099
803.0,88.742714,148.64482,12985.872
804.0,90.25319,150.37401,13030.653
805.0,91.70288,152.1367,13071.354
806.0,93.09885,153.99234,13108.432
807.0,94.41876,155.86606,13141.153
808.0,95.66662,157.7681,13169.989
809.0,96.82042,159.68462,13193.796
810.0,97.88873,161.59985,13213.188
811.0,98.87302,163.55957,13228.26
812.0,99.75915,165.52203,13238.855
813.0,100.52728,167.48067,13244.11
814.0,101.181885,169.4183,13244.843
815.0,101.721436,171.3779,13240.341
816.0,102.13846,173.34125,13230.676
817.0,102.428696,175.26959,13215.709
818.0,102.59359,177.18726,13195.4375
819.0,102.63366,179.09033,13169.903
820.0,102.532074,180.91214,13138.623
821.0,102.294395,182.68579,13101.692
822.0,101.9235,184.38573,13059.443
823.0,101.39569,185.9609,13010.973
824.0,100.73431,187.45515,12957.215
825.0,99.941315,188.86946,12897.83
826.0,99.00213,190.13553,12832.834
827.0,97.94768,191.31458,12762.566
828.0,96.76854,192.36787,12686.662
829.0,95.468094,193.26978,12605.724
830.0,94.07329,194.06607,12520.439
831.0,92.56769,194.76355,12429.958
832.0,90.96747,195.31247,12335.488
833.0,89.28357,195.76244,12237.164
834.0,87.52261,196.08896,12135.116
835.0,85.70334,196.31848,12030.074
836.0,83.84042,196.43661,11922.28
837.0,81.9394,196.41055,11812.48
838.0,80.01294,196.29546,11700.513
839.0,78.07738,196.08792,11587.224
840.0,76.128845,195.74484,11472.681
841.0,74.18456,195.29291,11357.792
842.0,72.249306,194.72824,11242.223
843.0,70.34496,194.06984,11127.244
844.0,68.47112,193.29225,11012.612
845.0,66.623634,192.38525,10898.915
846.0,64.82433,191.40268,10786.128
847.0,63.066353,190.28922,10674.67
848.0,61.356644,189.09349,10565.355
849.0,59.70055,187.80347,10457.964
850.0,58.096596,186.43091,10352.697
851.0,56.545162,184.95834,10249.674
852.0,55.0655,183.43979,10150.284
853.0,53.637337,181.85666,10053.416
854.0,52.2643,180.24724,9958.931
855.0,50.948425,178.58005,9868.509
856.0,49.690388,176.87558,9781.709
857.0,48.495216,175.14743,9698.646
858.0,47.364082,173.3789,9620.078
859.0,46.287083,171.65363,9544.718
860.0,45.26701,169.8862,9474.114
861.0,44.304134,168.14313,9407.705
862.0,43.39836,166.37881,9346.4375
863.0,42.539036,164.61453,9289.386
864.0,41.740063,162.88336,9237.726
865.0,40.986687,161.12158,9190.667
866.0,40.28433,159.39427,9148.619
867.0,39.631256,157.68933,9111.679
868.0,39.02992,155.97226,9079.83
869.0,38.48045,154.27554,9053.071
870.0,37.97843,152.58228,9031.241
871.0,37.525673,150.88057,9014.786
872.0,37.11416,149.17352,9003.654
873.0,36.74359,147.50278,8997.072
874.0,36.41317,145.82584,8995.366
875.0,36.125565,144.16663,8997.911
876.0,35.87831,142.51036,9004.985
877.0,35.677357,140.86804,9016.573
878.0,35.51368,139.23637,9032.222
879.0,35.388016,137.61885,9051.943
880.0,35.296913,136.03879,9074.727
881.0,35.24135,134.50652,9100.797
882.0,35.220657,132.98174,9129.895
883.0,35.234028,131.53946,9161.861
884.0,35.28136,130.11499,9197.078
885.0,35.357887,128.75471,9234.615
886.0,35.460403,127.44487,9273.96
887.0,35.594273,126.18335,9315.704
888.0,35.756973,124.987305,9358.973
889.0,35.94987,123.877335,9403.976
890.0,36.170967,122.82424,9450.18
891.0,36.41658,121.81444,9497.953
892.0,36.684696,120.85448,9546.907
893.0,36.972412,119.991,9596.323
894.0,37.281742,119.12327,9647.071
895.0,37.613182,118.3546,9698.324
896.0,37.96665,117.59415,9750.4375
897.0,38.339626,116.8915,9802.785
898.0,38.731277,116.21459,9855.513
899.0,39.143494,115.57468,9908.657
900.0,39.573822,115.011475,9961.705
901.0,40.021423,114.45207,10015.099
902.0,40.485027,113.93581,10068.636
903.0,40.963478,113.46808,10122.023
904.0,41.455925,113.03124,10175.26
905.0,41.95642,112.63359,10228.022
906.0,42.47641,112.25108,10281.259
907.0,43.007812,111.946434,10333.819
908.0,43.554394,111.66835,10386.264
909.0,44.11497,111.41865,10438.291
910.0,44.681736,111.21961,10489.366
911.0,45.26041,111.051544,10540.336
912.0,45.84372,110.93877,10590.37
913.0,46.438053,110.87149,10640.15
914.0,47.046616,110.840515,10689.815
915.0,47.657677,110.85521,10738.248
916.0,48.273987,110.90614,10785.973
917.0,48.899025,110.99481,10833.112
918.0,49.527,111.13966,10879.158
919.0,50.157776,111.32697,10924.546
920.0,50.79339,111.55431,10969.334
921.0,51.43181,111.82109,11013.168
922.0,52.07612,112.13053,11056.297
923.0,52.715916,112.47674,11098.103
924.0,53.353054,112.86146,11139.029
925.0,53.988205,113.28147,11178.993
926.0,54.616592,113.720764,11217.874
927.0,55.24797,114.190346,11255.827
928.0,55.879074,114.69922,11292.675
929.0,56.509563,115.21904,11328.699
930.0,57.125767,115.74877,11362.891
931.0,57.735703,116.27742,11396.145
932.0,58.349342,116.8587,11428.486
933.0,58.94627,117.43938,11459.292
934.0,59.526493,118.015076,11488.972
935.0,60.08644,118.60819,11517.43
936.0,60.635628,119.23135,11544.389
937.0,61.180717,119.88466,11570.268
938.0,61.712997,120.567345,11594.418
939.0,62.231705,121.27642,11617.763
940.0,62.737686,122.02789,11639.65
941.0,63.232605,122.791336,11660.107
942.0,63.7119,123.59311,11679.282
943.0,64.1637,124.39836,11696.87
944.0,64.5995,125.238914,11713.806
945.0,65.00051,126.08374,11728.748
946.0,65.377014,126.9212,11741.96
947.0,65.740364,127.74809,11754.17
948.0,66.08371,128.59506,11764.37
949.0,66.42392,129.40994,11774.127
950.0,66.73694,130.192,11781.564
951.0,67.03082,130.98242,11787.861
952.0,67.29167,131.7378,11792.432
953.0,67.513885,132.4579,11795.468
954.0,67.711365,133.1791,11797.258
955.0,67.87572,133.85974,11797.237
956.0,68.03157,134.53816,11796.486
957.0,68.154175,135.19609,11793.842
958.0,68.25273,135.86752,11789.539
959.0,68.31678,136.4982,11783.649
960.0,68.35673,137.15303,11776.162
961.0,68.37121,137.80295,11767.453
962.0,68.358604,138.44385,11757.298
963.0,68.31758,139.07916,11745.684
964.0,68.25296,139.71906,11732.804
965.0,68.15362,140.33258,11718.177
966.0,68.03316,140.93024,11702.58
967.0,67.88841,141.5398,11685.485
968.0,67.71887,142.12129,11667.241
969.0,67.51974,142.68816,11647.358
970.0,67.29589,143.2062,11626.553
971.0,67.05059,143.71597,11604.462
972.0,66.77516,144.17218,11581.045
973.0,66.4845,144.59306,11556.755
974.0,66.17444,144.99855,11531.15
975.0,65.840126,145.33661,11504.45
976.0,65.48696,145.62994,11476.973
977.0,65.118645,145.89862,11448.715
978.0,64.73086,146.12341,11419.694
979.0,64.327644,146.31296,11389.874
980.0,63.910408,146.45117,11359.436
981.0,63.480293,146.57458,11328.024
982.0,63.03762,146.65544,11296.089
983.0,62.58716,146.70056,11264.042
984.0,62.118324,146.71785,11231.085
985.0,61.643013,146.69582,11198.089
986.0,61.163998,146.6686,11164.773
987.0,60.68074,146.5832,11131.602
988.0,60.190807,146.4762,11097.946
989.0,59.70278,146.34164,11064.419
990.0,59.20842,146.14209,11030.882
991.0,58.711933,145.93053,10997.071
992.0,58.215744,145.66882,10963.652
993.0,57.719334,145.37637,10930.613
994.0,57.23409,145.08105,10898.066
995.0,56.74306,144.7357,10865.655
996.0,56.254753,144.37068,10833.634
997.0,55.777863,143.98653,10802.423
998.0,55.30802,143.60005,10771.591
999.0,54.847874,143.18796,10741.7
1000.0,54.3915,142.74806,10712.08
1001.0,53.94555,142.29224,10683.458
1002.0,53.509422,141.85509,10655.405
1003.0,53.082108,141.40259,10628.419
1004.0,52.662766,140.9365,10602.381
1005.0,52.256077,140.4746,10577.278
1006.0,51.860413,140.0117,10552.936
1007.0,51.480507,139.5561,10529.855
1008.0,51.11199,139.08755,10507.65
1009.0,50.756935,138.6207,10486.521
1010.0,50.415092,138.14995,10466.404
1011.0,50.085445,137.66133,10447.357
1012.0,49.767918,137.16449,10429.444
1013.0,49.46647,136.67682,10412.763
1014.0,49.17784,136.1631,10397.244
1015.0,48.901764,135.63339,10382.622
1016.0,48.63923,135.10983,10369.104
1017.0,48.389503,134.5522,10356.899
1018.0,48.15719,134.0063,10345.681
1019.0,47.934685,133.42569,10335.53
1020.0,47.727715,132.86256,10326.357
1021.0,47.533997,132.28368,10318.36
1022.0,47.355328,131.72122,10311.284
1023.0,47.187016,131.14323,10305.382
1024.0,47.03264,130.55629,10300.516
1025.0,46.889954,130.01186,10296.352
1026.0,46.76131,129.46759,10293.196
1027.0,46.64302,128.92216,10291.303
1028.0,46.537273,128.40048,10289.988
1029.0,46.442688,127.87927,10289.592
1030.0,46.361023,127.379395,10290.169
1031.0,46.288162,126.88203,10291.421
1032.0,46.227398,126.39614,10293.557
1033.0,46.17891,125.9369,10296.42
1034.0,46.14113,125.49165,10299.813
1035.0,46.11102,125.0393,10303.859
1036.0,46.09101,124.589386,10308.757
1037.0,46.080738,124.15302,10314.242
1038.0,46.08032,123.73564,10320.265
1039.0,46.087307,123.316025,10326.768
1040.0,46.104023,122.90068,10333.944
1041.0,46.130016,122.50606,10341.677
1042.0,46.160587,122.11384,10349.691
1043.0,46.202305,121.7587,10358.163
1044.0,46.249252,121.38533,10367.263
1045.0,46.303894,121.034996,10376.735
1046.0,46.3687,120.713745,10386.379
1047.0,46.436382,120.39752,10396.471
1048.0,46.509995,120.08655,10406.77
1049.0,46.590633,119.79428,10417.499
1050.0,46.675446,119.53136,10428.043
1051.0,46.76644,119.29114,10438.986
1052.0,46.861347,119.04732,10450.332
1053.0,46.964577,118.84846,10461.808
1054.0,47.07164,118.64601,10473.555
1055.0,47.181873,118.4609,10485.409
1056.0,47.298874,118.30691,10497.311
1057.0,47.417767,118.16313,10509.171
1058.0,47.5408,118.04529,10521.138
1059.0,47.66392,117.94052,10533.013
1060.0,47.790115,117.84595,10545.318
1061.0,47.920044,117.75879,10557.611
1062.0,48.05248,117.69033,10569.727
1063.0,48.18848,117.6162,10582.015
1064.0,48.326828,117.56722,10593.918
1065.0,48.465706,117.49569,10606.057
1066.0,48.60807,117.4637,10617.918
1067.0,48.74922,117.403076,10629.982
1068.0,48.892166,117.32701,10641.899
1069.0,49.039024,117.263596,10653.608
1070.0,49.18569,117.18004,10665.245
1071.0,49.334747,117.09767,10676.795
1072.0,49.478577,116.99401,10688.19
1073.0,49.624786,116.900665,10699.258
1074.0,49.771797,116.82014,10710.218
1075.0,49.920074,116.73723,10721.134
1076.0,50.065716,116.66391,10731.685
1077.0,50.209545,116.59438,10742.189
1078.0,50.354057,116.57189,10752.302
1079.0,50.495964,116.54707,10762.281
1080.0,50.637524,116.58708,10771.851
1081.0,50.775684,116.653305,10781.327
1082.0,50.912945,116.77287,10790.585
1083.0,51.045937,116.91276,10799.572
1084.0,51.1787,117.116264,10808.224
1085.0,51.31472,117.36279,10816.729
1086.0,51.449142,117.6529,10824.842
1087.0,51.577934,117.99015,10832.769
1088.0,51.70669,118.38451,10840.463
1089.0,51.82577,118.80504,10847.995
1090.0,51.935555,119.271545,10854.983
1091.0,52.038544,119.74489,10861.975
1092.0,52.142853,120.265205,10868.227
1093.0,52.244987,120.79988,10874.065
1094.0,52.355835,121.32542,10879.74
1095.0,52.479248,121.865234,10885.489
1096.0,52.616066,122.38927,10891.507
1097.0,52.765152,122.89566,10896.764
1098.0,52.922615,123.36253,10898.338
1099.0,53.0588,123.78065,10894.689
1100.0,52.945377,124.15898,10908.401
1101.0,53.88146,124.478874,11331.808
1102.0,56.13027,124.76467,11731.582
1103.0,58.888535,125.04021,12133.759
1104.0,62.78575,125.36515,12525.605
1105.0,67.78203,125.82703,12912.863
1106.0,73.802704,126.46384,13290.295
1107.0,80.77914,127.48404,13659.161
1108.0,88.6127,128.97379,14019.836
1109.0,97.265945,130.99677,14369.554
1110.0,106.724075,133.63695,14710.718
1111.0,116.982185,136.95462,15040.842
1112.0,128.02191,140.91576,15358.22
1113.0,139.76608,145.62857,15660.555
1114.0,152.1926,151.02983,15952.93
1115.0,165.11995,157.16325,16228.67
1116.0,178.50623,164.11816,16487.896
1117.0,192.06863,171.78738,16729.98
1118.0,205.70981,180.19217,16949.666
1119.0,219.2096,189.30615,17149.666
1120.0,232.38605,198.98442,17326.453
1121.0,245.13004,209.23053,17478.486
1122.0,257.24084,219.97928,17603.412
1123.0,268.58078,231.12424,17699.992
1124.0,278.90778,242.62613,17765.266
1125.0,287.9888,254.32697,17797.645
1126.0,295.67352,266.27844,17796.74
1127.0,301.65973,278.3993,17759.549
1128.0,305.7637,290.511,17684.783
1129.0,307.82336,302.58997,17573.39
1130.0,307.72174,314.4886,17425.95
1131.0,305.55148,326.04724,17246.445
1132.0,301.4609,337.13123,17038.006
1133.0,295.73773,347.51544,16805.598
1134.0,288.59955,357.1349,16553.17
1135.0,280.28973,365.82944,16287.439
1136.0,270.8637,373.6856,16010.504
1137.0,260.4314,380.67032,15726.465
1138.0,249.2124,386.8415,15439.078
1139.0,237.43814,392.1065,15148.704
1140.0,225.49179,396.50446,14859.191
1141.0,213.56412,400.0569,14572.445
1142.0,201.87186,402.67157,14287.825
1143.0,190.73123,404.3531,14006.006
1144.0,180.33702,405.12683,13733.911
1145.0,170.71645,405.1176,13468.536
1146.0,161.51468,404.4707,13206.572
1147.0,152.58177,403.36694,12953.424
1148.0,143.94884,401.91476,12709.085
1149.0,135.73409,399.9801,12472.509
1150.0,128.26501,397.67273,12244.196
1151.0,121.368965,394.92468,12025.311
1152.0,115.00725,391.80408,11813.404
1153.0,109.20087,388.3744,11610.005
1154.0,103.84793,384.69348,11416.812
1155.0,98.85832,380.71545,11231.514
1156.0,94.239716,376.50165,11053.706
1157.0,89.97571,372.1286,10883.637
1158.0,86.07181,367.5973,10722.153
1159.0,82.495605,362.93793,10567.434
1160.0,79.19872,358.08633,10420.679
1161.0,76.160286,353.26422,10280.994
1162.0,73.33462,348.34848,10148.125
1163.0,70.70016,343.40607,10022.268
1164.0,68.25666,338.4472,9901.9795
1165.0,66.005554,333.56195,9788.199
1166.0,63.9113,328.60126,9680.608
1167.0,61.967117,323.6538,9578.287
1168.0,60.15318,318.6969,9481.588
1169.0,58.46428,313.737,9390.262
1170.0,56.877293,308.79932,9303.573
1171.0,55.39387,303.84302,9222.194
1172.0,54.00504,298.94077,9144.942
1173.0,52.699974,294.06696,9072.187
1174.0,51.48047,289.2918,9003.462
1175.0,50.32926,284.534,8938.577
1176.0,49.239513,279.82425,8877.321
1177.0,48.209305,275.15723,8819.728
1178.0,47.238033,270.58942,8766.111
1179.0,46.3149,266.0753,8715.654
1180.0,45.44275,261.72952,8667.83
1181.0,44.61062,257.38104,8623.377
1182.0,43.823612,253.2332,8580.935
1183.0,43.07613,249.0244,8542.514
1184.0,42.36227,244.94661,8505.854
1185.0,41.69133,241.00935,8471.975
1186.0,41.043488,237.03165,8440.627
1187.0,40.431393,233.1464,8412.606
1188.0,39.845173,229.37933,8386.282
1189.0,39.283867,225.6486,8362.842
1190.0,38.745117,222.00417,8341.38
1191.0,38.239136,218.34454,8324.101
1192.0,37.754803,214.85785,8308.057
1193.0,37.30344,211.37137,8296.297
1194.0,36.873592,207.92294,8287.989
1195.0,36.47097,204.54202,8284.067
1196.0,36.087807,201.29173,8283.133
1197.0,35.742874,197.9943,8289.05
1198.0,35.42006,194.8081,8299.503
1199.0,35.13368,191.72711,8315.329
1200.0,34.898415,188.63098,8340.128
1201.0,34.692833,185.64891,8371.012
1202.0,34.52996,182.7435,8410.097
1203.0,34.407387,179.904,8456.898
1204.0,34.331184,177.14346,8512.022
1205.0,34.31168,174.46832,8575.581
1206.0,34.349495,171.86101,8647.473
1207.0,34.446033,169.31287,8727.407
1208.0,34.607048,166.87573,8814.067
1209.0,34.83913,164.5155,8908.25
1210.0,35.138107,162.27658,9008.532
1211.0,35.502563,160.09427,9114.104
1212.0,35.935772,158.0022,9224.129
1213.0,36.436413,156.00838,9338.3545
1214.0,37.01447,154.13306,9456.145
1215.0,37.657696,152.32883,9576.85
1216.0,38.38085,150.65169,9700.124
1217.0,39.16486,149.03253,9824.887
1218.0,40.028805,147.53703,9951.631
1219.0,40.96305,146.14638,10078.654
1220.0,41.96857,144.85396,10206.775
1221.0,43.042885,143.65857,10334.219
1222.0,44.198822,142.56912,10462.722
1223.0,45.408573,141.55803,10590.531
1224.0,46.70105,140.66443,10718.62
1225.0,48.043224,139.89046,10844.925
1226.0,49.449654,139.16835,10970.723
1227.0,50.936325,138.60884,11094.871
1228.0,52.496796,138.13782,11218.776
1229.0,54.100937,137.74681,11339.746
1230.0,55.76944,137.47935,11459.914
1231.0,57.49957,137.36584,11578.396
1232.0,59.27282,137.3149,11694.491
1233.0,61.110115,137.41397,11808.607
1234.0,62.99183,137.62584,11920.108
1235.0,64.91379,137.964,12028.776
1236.0,66.87918,138.42407,12135.207
1237.0,68.88675,139.0218,12239.303
1238.0,70.92369,139.73572,12340.571
1239.0,72.97725,140.56924,12437.939
1240.0,75.0709,141.54208,12533.266
1241.0,77.16909,142.63603,12624.821
1242.0,79.284134,143.84073,12713.2705
1243.0,81.398605,145.1545,12798.014
1244.0,83.50651,146.59026,12879.191
1245.0,85.60312,148.12483,12956.47
1246.0,87.67224,149.75288,13029.348
1247.0,89.7307,151.4541,13099.048
1248.0,91.744995,153.25587,13164.095
1249.0,93.72177,155.12697,13225.024
1250.0,95.643,157.0654,13281.267
1251.0,97.51243,159.06134,13333.4795
1252.0,99.29561,161.08504,13380.014
1253.0,101.00365,163.18271,13421.771
1254.0,102.635544,165.30676,13459.289
1255.0,104.171196,167.4747,13491.464
1256.0,105.5935,169.66635,13517.873
1257.0,106.90889,171.89484,13539.183
1258.0,108.08932,174.14087,13554.362
1259.0,109.1367,176.39499,13563.869
1260.0,110.04195,178.6667,13567.578
1261.0,110.80876,180.93463,13565.718
1262.0,111.40637,183.182,13556.787
1263.0,111.84409,185.39185,13541.765
1264.0,112.13161,187.61578,13520.59
1265.0,112.22583,189.76987,13491.713
1266.0,112.15386,191.88065,13456.407
1267.0,111.886024,193.91296,13413.762
1268.0,111.440704,195.87689,13364.431
1269.0,110.80931,197.75043,13308.094
1270.0,109.993286,199.52528,13244.729
1271.0,108.987656,201.1825,13173.863
1272.0,107.81735,202.73618,13096.511
1273.0,106.46708,204.17072,13011.822
1274.0,104.956856,205.4613,12920.8955
1275.0,103.29406,206.59897,12823.914
1276.0,101.492325,207.62177,12721.218
1277.0,99.55857,208.48553,12613.077
1278.0,97.520546,209.20325,12500.379
1279.0,95.38028,209.74217,12382.945
1280.0,93.16432,210.14325,12261.815
1281.0,90.88457,210.34637,12137.812
1282.0,88.55902,210.40283,12011.042
1283.0,86.20996,210.31772,11882.263
1284.0,83.845146,210.05396,11751.947
1285.0,81.46843,209.62216,11619.691
1286.0,79.125626,209.03629,11487.989
1287.0,76.808075,208.33278,11356.102
1288.0,74.51669,207.47945,11224.321
1289.0,72.266815,206.5177,11093.357
1290.0,70.0487,205.43024,10962.826
1291.0,67.89085,204.22882,10834.671
1292.0,65.808136,202.95694,10708.682
1293.0,63.803406,201.62262,10584.106
1294.0,61.860374,200.1431,10460.797
1295.0,60.016636,198.61725,10340.822
1296.0,58.253334,197.04224,10224.852
1297.0,56.52386,195.39767,10110.075
1298.0,54.863102,193.67795,9998.973
1299.0,53.28817,191.90427,9891.38
1300.0,51.79528,190.06543,9787.565
1301.0,50.365585,188.18228,9687.308
1302.0,48.996204,186.27109,9589.854
1303.0,47.707146,184.2879,9498.004
1304.0,46.486855,182.3099,9409.685
1305.0,45.33019,180.26581,9325.968
1306.0,44.236717,178.22018,9246.891
1307.0,43.193905,176.13974,9171.863
1308.0,42.21766,174.06572,9102.538
1309.0,41.299953,171.95227,9038.036
1310.0,40.445038,169.8404,8979.236
1311.0,39.646515,167.73499,8925.839
1312.0,38.89271,165.60721,8877.527
1313.0,38.19196,163.51416,8834.702
1314.0,37.544483,161.42017,8798.224
1315.0,36.945625,159.34995,8767.434
1316.0,36.401047,157.30171,8742.878
1317.0,35.903076,155.26102,8724.227
1318.0,35.45128,153.26114,8710.938
1319.0,35.0499,151.27696,8703.901
1320.0,34.696426,149.33725,8702.736
1321.0,34.38764,147.44379,8706.736
1322.0,34.124565,145.58803,8716.384
1323.0,33.903088,143.75243,8731.308
1324.0,33.7214,141.98952,8750.937
1325.0,33.584015,140.25209,8775.619
1326.0,33.48137,138.57307,8804.065
1327.0,33.42382,136.93582,8837.052
1328.0,33.40434,135.33948,8873.491
1329.0,33.425743,133.8024,8913.621
1330.0,33.48653,132.31264,8957.137
1331.0,33.577255,130.85086,9003.26
1332.0,33.703876,129.45805,9052.326
1333.0,33.862507,128.11697,9103.576
1334.0,34.05371,126.8005,9157.132
1335.0,34.271908,125.55763,9211.879
1336.0,34.52566,124.338974,9269.267
1337.0,34.807495,123.186485,9327.657
1338.0,35.11505,122.07686,9386.877
1339.0,35.45221,121.029785,9447.356
1340.0,35.815117,119.99892,9509.199
1341.0,36.204105,119.04323,9571.424
1342.0,36.612892,118.13162,9633.974
1343.0,37.052338,117.28169,9697.609
1344.0,37.50984,116.434845,9761.113
1345.0,37.9943,115.696976,9825.532
1346.0,38.494972,114.989624,9889.237
1347.0,39.022606,114.3338,9953.771
1348.0,39.56252,113.70434,10017.477
1349.0,40.12684,113.18329,10081.447
1350.0,40.712807,112.68319,10145.31
1351.0,41.312546,112.21772,10208.543
1352.0,41.935543,111.835915,10272.086
1353.0,42.56289,111.49151,10334.08
1354.0,43.213055,111.20635,10396.521
1355.0,43.874287,110.978775,10458.288
1356.0,44.54808,110.80946,10519.255
1357.0,45.236156,110.66216,10579.513
1358.0,45.93616,110.57463,10639.035
1359.0,46.650772,110.54059,10698.026
1360.0,47.37995,110.5422,10756.334
1361.0,48.12016,110.61904,10813.849
1362.0,48.86064,110.72645,10869.844
1363.0,49.614826,110.8811,10925.58
1364.0,50.368423,111.09805,10979.671
1365.0,51.132435,111.33113,11033.346
1366.0,51.898716,111.643845,11085.796
1367.0,52.67064,111.97599,11137.345
1368.0,53.447998,112.364395,11187.749
1369.0,54.224777,112.793144,11236.774
1370.0,55.007675,113.26445,11284.942
1371.0,55.78719,113.76647,11331.684
1372.0,56.561424,114.312965,11376.965
1373.0,57.335342,114.90152,11421.267
1374.0,58.10084,115.529915,11464.074
1375.0,58.86225,116.1737,11505.502
1376.0,59.617706,116.86151,11545.7
1377.0,60.36576,117.57363,11584.423
1378.0,61.10914,118.30392,11621.841
1379.0,61.836655,119.07005,11657.632
1380.0,62.546844,119.85587,11691.631
1381.0,63.248375,120.65941,11724.4
1382.0,63.93185,121.475784,11755.769
1383.0,64.60295,122.30476,11785.321
1384.0,65.254196,123.135704,11813.07
1385.0,65.899666,123.99504,11839.682
1386.0,66.51252,124.87209,11863.969
1387.0,67.11018,125.770485,11887.115
1388.0,67.67977,126.668015,11908.271
1389.0,68.21838,127.56576,11927.726
1390.0,68.73589,128.49777,11945.665
1391.0,69.22723,129.4323,11961.499
1392.0,69.69785,130.3776,11975.958
1393.0,70.129074,131.34222,11987.924
1394.0,70.537994,132.30064,11998.383
1395.0,70.91448,133.27058,12006.978
1396.0,71.26496,134.2432,12013.934
1397.0,71.576324,135.20195,12019.003
1398.0,71.85432,136.1583,12022.041
1399.0,72.09923,137.1369,12023.323
1400.0,72.305435,138.11066,12022.377
1401.0,72.48077,139.06302,12020.012
1402.0,72.6163,139.99352,12015.371
1403.0,72.71947,140.91089,12009.219
1404.0,72.77994,141.82285,12000.61
1405.0,72.81169,142.70761,11990.604
1406.0,72.80345,143.5802,11978.62
1407.0,72.76338,144.40852,11964.958
1408.0,72.67615,145.19698,11949.035
1409.0,72.56114,145.95691,11931.537
1410.0,72.40801,146.68723,11912.167
1411.0,72.21522,147.374,11890.669
1412.0,71.99361,148.00812,11867.957
1413.0,71.73055,148.63052,11843.028
1414.0,71.43495,149.16658,11816.874
1415.0,71.105446,149.67229,11788.881
1416.0,70.749695,150.14436,11759.541
1417.0,70.35089,150.54489,11728.251
1418.0,69.936195,150.92963,11696.04
1419.0,69.49302,151.28915,11662.062
1420.0,69.02371,151.59467,11627.092
1421.0,68.52601,151.85329,11590.508
1422.0,68.008095,152.07509,11553.0625
1423.0,67.46706,152.27196,11514.456
1424.0,66.90564,152.44044,11474.629
1425.0,66.32251,152.56093,11434.137
1426.0,65.72574,152.66753,11392.845
1427.0,65.11499,152.72723,11351.005
1428.0,64.4897,152.76627,11308.342
1429.0,63.85668,152.74971,11265.507
1430.0,63.217102,152.70963,11222.25
1431.0,62.57198,152.62773,11178.643
1432.0,61.923073,152.52446,11134.783
1433.0,61.263897,152.34735,11090.7295
1434.0,60.60232,152.14012,11046.739
1435.0,59.94973,151.90282,11003.227
1436.0,59.294895,151.62617,10959.844
1437.0,58.645634,151.3047,10917.049
1438.0,58.000095,150.94044,10874.716
1439.0,57.36079,150.5502,10832.661
1440.0,56.730156,150.11432,10791.534
1441.0,56.10899,149.65865,10751.051
1442.0,55.501106,149.16475,10711.468
1443.0,54.90464,148.63364,10673.011
1444.0,54.324272,148.07158,10635.643
1445.0,53.750896,147.50423,10598.9
1446.0,53.196304,146.90591,10563.709
1447.0,52.653625,146.27988,10529.628
1448.0,52.13151,145.6644,10496.937
1449.0,51.624264,145.01553,10465.718
1450.0,51.134693,144.36652,10435.771
1451.0,50.661556,143.69637,10407.166
1452.0,50.206833,143.01044,10380.111
1453.0,49.772476,142.34235,10354.539
1454.0,49.354515,141.6488,10330.366
1455.0,48.957863,140.94977,10307.933
1456.0,48.57942,140.26227,10286.935
1457.0,48.21991,139.56583,10267.45
1458.0,47.876797,138.8554,10249.668
1459.0,47.55603,138.14648,10233.394
1460.0,47.25305,137.43018,10218.869
1461.0,46.964275,136.70938,10205.421
1462.0,46.697433,136.01791,10193.483
1463.0,46.44741,135.29909,10183.105
1464.0,46.21758,134.57669,10174.203
1465.0,46.005795,133.86955,10166.909
1466.0,45.812515,133.15489,10161.02
1467.0,45.633087,132.4674,10156.119
1468.0,45.472183,131.74698,10153.01
1469.0,45.32725,131.06287,10151.002
1470.0,45.19802,130.39093,10150.326
1471.0,45.085243,129.72876,10150.765
1472.0,44.986565,129.06009,10152.251
1473.0,44.90439,128.42163,10155.021
1474.0,44.83439,127.79953,10158.474
1475.0,44.7803,127.18184,10163.158
1476.0,44.73975,126.578224,10168.871
1477.0,44.713814,125.984375,10175.704
1478.0,44.699028,125.424835,10183.167
1479.0,44.697002,124.87708,10191.553
1480.0,44.707043,124.35617,10200.7295
1481.0,44.728596,123.84177,10210.608
1482.0,44.759747,123.351776,10221.013
1483.0,44.80423,122.86478,10232.24
1484.0,44.857925,122.40515,10244.125
1485.0,44.921577,121.96651,10256.586
1486.0,44.997234,121.54417,10269.47
1487.0,45.078945,121.13984,10282.687
1488.0,45.170757,120.743965,10296.5625
1489.0,45.270504,120.36945,10310.733
1490.0,45.381725,120.00441,10325.57
1491.0,45.49501,119.66462,10340.421
1492.0,45.61747,119.33063,10355.721
1493.0,45.74611,119.014,10371.096
1494.0,45.885048,118.71373,10387.029
1495.0,46.02646,118.4398,10402.803
1496.0,46.177902,118.16035,10418.985
1497.0,46.33175,117.906975,10435.213
1498.0,46.492603,117.67675,10451.711
1499.0,46.65554,117.44109,10468.165
1500.0,46.823017,117.24321,10484.744
1501.0,46.995834,117.0472,10501.337
1502.0,47.17356,116.88724,10518.089
1503.0,47.35276,116.74084,10534.546
1504.0,47.538177,116.60366,10551.142
1505.0,47.72511,116.48234,10567.681
1506.0,47.914787,116.39145,10583.976
1507.0,48.106552,116.31286,10600.354
1508.0,48.302532,116.2484,10616.815
1509.0,48.498585,116.209496,10632.888
1510.0,48.692886,116.16394,10648.734
1511.0,48.889233,116.148,10664.387
1512.0,49.087204,116.15647,10679.937
1513.0,49.288975,116.15857,10695.563
1514.0,49.485126,116.192665,10710.347
1515.0,49.68781,116.22837,10725.438
1516.0,49.886604,116.26328,10740.135
1517.0,50.085117,116.33594,10754.515
1518.0,50.28553,116.39578,10768.816
1519.0,50.480885,116.47162,10782.67
1520.0,50.674534,116.55966,10796.0625
1521.0,50.869774,116.655,10809.487
1522.0,51.0608,116.762344,10822.339
1523.0,51.2502,116.87655,10834.789
1524.0,51.43975,116.995995,10847.195
1525.0,51.62702,117.1424,10859.171
1526.0,51.80755,117.27369,10870.615
1527.0,51.98648,117.42133,10881.76
1528.0,52.163174,117.57623,10892.591
1529.0,52.338352,117.75305,10903.144
1530.0,52.504593,117.9203,10912.9795
1531.0,52.670086,118.09856,10922.673
1532.0,52.834885,118.30885,10932.104
1533.0,52.990997,118.501595,10940.804
1534.0,53.143127,118.704865,10949.14
1535.0,53.293243,118.914474,10957.246
1536.0,53.43553,119.13444,10964.795
1537.0,53.57313,119.35701,10971.876
1538.0,53.707943,119.58446,10978.654
1539.0,53.832886,119.81023,10984.743
1540.0,53.95608,120.0432,10990.607
1541.0,54.07482,120.27519,10996.137
1542.0,54.187138,120.50052,11001.078
1543.0,54.29503,120.720245,11005.703
1544.0,54.39642,120.94605,11009.904
1545.0,54.492016,121.16406,11013.509
1546.0,54.580902,121.38284,11016.615
1547.0,54.66483,121.60895,11019.391
1548.0,54.74266,121.80095,11021.821
1549.0,54.81585,122.00827,11023.943
1550.0,54.877075,122.216995,11025.207
1551.0,54.935978,122.40095,11026.46
1552.0,54.988415,122.59907,11027.341
1553.0,55.035133,122.78364,11027.648
1554.0,55.073616,122.973915,11027.272
1555.0,55.1113,123.16623,11026.858
1556.0,55.143738,123.344986,11026.098
1557.0,55.165688,123.52479,11024.716
1558.0,55.182934,123.70825,11023.062
1559.0,55.19274,123.8847,11021.156
1560.0,55.194057,124.066826,11018.667
1561.0,55.190426,124.230446,11015.929
1562.0,55.187283,124.3925,11013.103
1563.0,55.174812,124.564514,11009.602
1564.0,55.153698,124.74058,11005.507
1565.0,55.12735,124.89252,11001.397
1566.0,55.097076,125.05508,10996.882
1567.0,55.065536,125.215034,10992.556
1568.0,55.02248,125.375206,10987.349
1569.0,54.981476,125.524994,10982.2
1570.0,54.9367,125.67636,10976.88
1571.0,54.883465,125.82346,10970.937
1572.0,54.826103,125.96265,10964.862
1573.0,54.76451,126.08227,10958.7295
1574.0,54.697346,126.207504,10952.23
1575.0,54.625877,126.3138,10945.471
1576.0,54.54955,126.40468,10938.487
1577.0,54.473034,126.506424,10931.479
1578.0,54.39064,126.58002,10924.222
1579.0,54.304684,126.644806,10916.803
1580.0,54.216934,126.68878,10909.236
1581.0,54.1239,126.729836,10901.382
1582.0,54.027924,126.7401,10893.528
1583.0,53.933266,126.7571,10885.765
1584.0,53.83181,126.75953,10877.574
1585.0,53.731037,126.73045,10869.518
1586.0,53.63025,126.7239,10861.443
1587.0,53.52546,126.67944,10853.381
1588.0,53.417126,126.64514,10845.042
1589.0,53.306606,126.60942,10836.619
1590.0,53.199547,126.56596,10828.519
1591.0,53.088997,126.52036,10820.258
1592.0,52.97648,126.47028,10811.864
1593.0,52.86655,126.41611,10803.868
1594.0,52.75447,126.36635,10795.688
1595.0,52.643913,126.31564,10787.681
1596.0,52.53219,126.26547,10779.583
1597.0,52.419434,126.20534,10771.554
1598.0,52.305523,126.14166,10763.568
1599.0,52.192554,126.0764,10755.649
1600.0,52.081017,126.01418,10747.932
1601.0,51.970806,125.952225,10740.344
1602.0,51.8624,125.87852,10733.027
1603.0,51.75352,125.79684,10725.73
1604.0,51.64601,125.720535,10718.471
1605.0,51.53943,125.62338,10711.362
1606.0,51.433517,125.526405,10704.295
1607.0,51.32952,125.412964,10697.525
1608.0,51.2276,125.30443,10690.863
1609.0,51.12543,125.17925,10684.224
1610.0,51.025745,125.05776,10677.921
1611.0,50.92861,124.92211,10671.835
1612.0,50.833225,124.78746,10665.843
1613.0,50.739536,124.64266,10660.105
1614.0,50.649364,124.49971,10654.7
1615.0,50.560303,124.35059,10649.283
1616.0,50.47614,124.2074,10644.292
1617.0,50.39074,124.04929,10639.225
1618.0,50.309547,123.90264,10634.436
1619.0,50.22811,123.753525,10629.768
1620.0,50.15197,123.605255,10625.458
1621.0,50.076588,123.45882,10621.298
1622.0,50.003838,123.31071,10617.347
1623.0,49.93369,123.16276,10613.629
1624.0,49.86572,123.026505,10610.041
1625.0,49.80157,122.876274,10606.747
1626.0,49.737774,122.74129,10603.542
1627.0,49.679398,122.603,10600.695
1628.0,49.621586,122.468575,10597.863
1629.0,49.56642,122.333466,10595.243
1630.0,49.513687,122.2125,10592.884
1631.0,49.46413,122.08458,10590.675
1632.0,49.41943,121.954704,10588.904
1633.0,49.37317,121.82508,10587.025
1634.0,49.331284,121.703735,10585.467
1635.0,49.29107,121.56956,10584.013
1636.0,49.25382,121.4365,10582.77
1637.0,49.21922,121.31918,10581.726
1638.0,49.18574,121.18749,10580.81
1639.0,49.157223,121.066,10580.127
1640.0,49.13051,120.933495,10579.643
1641.0,49.10527,120.82286,10579.306
1642.0,49.083153,120.70238,10579.09
1643.0,49.0638,120.58507,10579.161
1644.0,49.04538,120.46706,10579.27
1645.0,49.029762,120.36113,10579.571
1646.0,49.016506,120.24538,10580.007
1647.0,49.006004,120.13794,10580.552
1648.0,48.99632,120.0283,10581.176
1649.0,48.990105,119.91553,10581.967
1650.0,48.98495,119.812874,10582.747
1651.0,48.98151,119.70235,10583.836
1652.0,48.98098,119.598694,10584.987
1653.0,48.98129,119.489975,10586.252
1654.0,48.9828,119.3792,10587.641
1655.0,48.986595,119.26989,10589.174
1656.0,48.993237,119.16223,10590.868
1657.0,48.99981,119.05126,10592.469
1658.0,49.00847,118.937965,10594.1875
1659.0,49.018417,118.81448,10595.959
1660.0,49.028374,118.71049,10597.672
1661.0,49.042152,118.60599,10599.6045
1662.0,49.05839,118.49328,10601.685
1663.0,49.07382,118.38672,10603.667
1664.0,49.089928,118.29553,10605.747
1665.0,49.107807,118.213715,10607.996
1666.0,49.127815,118.13508,10610.236
1667.0,49.14701,118.06498,10612.478
1668.0,49.16948,118.00104,10614.801
1669.0,49.188534,117.95199,10616.988
1670.0,49.212605,117.91486,10619.404
1671.0,49.234856,117.8932,10621.673
1672.0,49.261337,117.875916,10624.074
1673.0,49.287144,117.86509,10626.505
1674.0,49.30962,117.85653,10628.771
1675.0,49.336517,117.86036,10631.226
1676.0,49.362865,117.86702,10633.735
1677.0,49.39008,117.89635,10636.1455
1678.0,49.415474,117.90414,10638.496
1679.0,49.4443,117.92599,10641.0
1680.0,49.474285,117.93783,10643.381
1681.0,49.503788,117.94366,10645.63
1682.0,49.5328,117.95254,10647.901
1683.0,49.561863,117.95968,10650.336
1684.0,49.590076,117.951546,10652.516
1685.0,49.61771,117.95342,10654.914
1686.0,49.641705,117.93805,10657.144
1687.0,49.668552,117.919525,10659.553
1688.0,49.69796,117.88309,10661.854
1689.0,49.727398,117.86118,10664.004
1690.0,49.75999,117.842865,10666.266
1691.0,49.7883,117.810455,10668.105
1692.0,49.814293,117.77176,10670.038
1693.0,49.840534,117.74343,10672.24
1694.0,49.866882,117.72496,10674.192
1695.0,49.897297,117.69455,10676.321
1696.0,49.925217,117.68526,10678.224
1697.0,49.951744,117.66524,10679.862
1698.0,49.975815,117.65075,10681.336
1699.0,50.000645,117.64529,10683.067
1700.0,50.02403,117.6487,10684.673
1701.0,50.046234,117.64957,10686.3125
1702.0,50.070686,117.65578,10687.911
1703.0,50.093773,117.67119,10689.382
1704.0,50.115334,117.71053,10690.67
1705.0,50.13645,117.74542,10691.8955
1706.0,50.15695,117.771965,10693.073
1707.0,50.176975,117.8211,10694.175
1708.0,50.195637,117.85654,10695.347
1709.0,50.214554,117.907196,10696.417
1710.0,50.233334,117.94695,10697.477
1711.0,50.25175,118.00456,10698.483
1712.0,50.266697,118.040726,10699.323
1713.0,50.28378,118.0939,10700.174
1714.0,50.29737,118.13701,10700.763
1715.0,50.31067,118.19033,10701.389
1716.0,50.322548,118.2325,10701.861
1717.0,50.33414,118.27841,10702.29
1718.0,50.34642,118.32856,10702.866
1719.0,50.357746,118.36807,10703.275
1720.0,50.36763,118.405045,10703.623
1721.0,50.37789,118.428116,10704.028
1722.0,50.387234,118.466675,10704.157
1723.0,50.39401,118.47451,10704.281
1724.0,50.40013,118.4891,10704.3545
1725.0,50.404835,118.51491,10704.351
1726.0,50.40671,118.516235,10704.225
1727.0,50.410305,118.53232,10704.169
1728.0,50.41297,118.52595,10704.048
1729.0,50.418232,118.52577,10703.827
1730.0,50.42468,118.516556,10703.627
1731.0,50.427917,118.50812,10703.301
1732.0,50.43166,118.4996,10703.017
1733.0,50.430744,118.48552,10702.672
1734.0,50.426678,118.47522,10702.219
1735.0,50.421227,118.46829,10701.667
1736.0,50.414272,118.448975,10701.072
1737.0,50.40915,118.43953,10700.394
1738.0,50.405296,118.43185,10699.788
1739.0,50.402325,118.42655,10699.17
1740.0,50.398617,118.438774,10698.477
1741.0,50.391705,118.45759,10697.814
1742.0,50.384956,118.4759,10697.119
1743.0,50.37538,118.51575,10696.081
1744.0,50.367603,118.55787,10695.148
1745.0,50.362938,118.60918,10694.443
1746.0,50.358418,118.65305,10693.844
1747.0,50.35073,118.70942,10692.744
1748.0,50.342068,118.77767,10691.606
1749.0,50.331654,118.85103,10690.696
1750.0,50.311764,118.89485,10689.75
1751.0,50.290394,118.95064,10688.4795
1752.0,50.27303,118.99513,10687.346
1753.0,50.260033,119.027275,10686.2705
1754.0,50.252434,119.04749,10685.165
1755.0,50.247837,119.04713,10683.997
1756.0,50.241783,119.05862,10682.645
1757.0,50.234135,119.040535,10681.124
1758.0,50.225204,119.01541,10680.025
1759.0,50.204002,118.97327,10678.975
1760.0,50.177128,118.92186,10677.73
1761.0,50.157482,118.86984,10676.686
1762.0,50.13764,118.797386,10675.201
1763.0,50.124107,118.7298,10673.994
1764.0,50.11391,118.634125,10672.689
1765.0,50.104355,118.55942,10671.613
1766.0,50.091164,118.466385,10670.468
1767.0,50.081627,118.42107,10669.367
1768.0,50.06796,118.37227,10667.997
1769.0,50.049805,118.349655,10666.728
1770.0,50.025127,118.356735,10665.51
1771.0,50.00044,118.405716,10664.16
1772.0,49.9793,118.44663,10663.063
1773.0,49.96488,118.52914,10662.103
1774.0,49.954285,118.60811,10661.043
1775.0,49.943413,118.68679,10659.748
1776.0,49.929516,118.762024,10658.369
1777.0,49.91489,118.7898,10657.393
1778.0,49.895958,118.83312,10656.153
1779.0,49.880863,118.83831,10655.213
1780.0,49.864532,118.830215,10654.345
1781.0,49.851307,118.81736,10653.388
1782.0,49.83695,118.78675,10652.224
1783.0,49.820713,118.737686,10651.082
1784.0,49.807022,118.69574,10649.934
1785.0,49.79005,118.62885,10649.15
1786.0,49.77255,118.568115,10648.146
1787.0,49.760155,118.52164,10647.352
1788.0,49.74687,118.47317,10646.576
1789.0,49.735096,118.433525,10645.725
1790.0,49.722935,118.37938,10644.866
1791.0,49.712196,118.348755,10644.08
1792.0,49.699703,118.298584,10643.239
1793.0,49.68785,118.26257,10642.524
1794.0,49.672028,118.235596,10641.573
1795.0,49.656548,118.19528,10640.937
1796.0,49.641743,118.17539,10639.974
1797.0,49.61804,118.11794,10639.238
1798.0,49.60173,118.08646,10638.609
1799.0,49.592537,118.03057,10637.699
1800.0,49.599373,117.970215,10637.37
