0,0,0.1,0,0.0686465563396782
0.100200400801603,0.00661055525280937,0.0931464040757471,6.52377065206021e-05,0.0633681309003848
0.200400801603206,0.0127086948764477,0.0867432135753411,0.00022661680237053,0.05840922028841
0.30060120240481,0.0183255116725089,0.0807631925663727,0.000476422648832264,0.0537531576487623
0.400801603206413,0.0234904952772984,0.0751805449898111,0.000807406317052347,0.049384045413519
0.501002004008016,0.0282315630196372,0.0699708880202684,0.00121278099056,0.0452866833331376
0.601202404809619,0.0325751521867164,0.0651111669596506,0.00168618348974103,0.0414465575204776
0.701402805611222,0.0365463374671608,0.0605795402700237,0.00222163548702956,0.0378498250599579
0.801603206412826,0.0401688084357711,0.0563554094461866,0.00281355771232579,0.0344832724047869
0.901803607214429,0.0434649435534579,0.0524193479011516,0.00345674388594836,0.0313343016824542
1.00200400801603,0.0464559467855282,0.048752970595427,0.00414630967346163,0.0283909106343376
1.10220440881764,0.0491617778364675,0.0453390086480157,0.00487772788942825,0.0256416372888626
1.20240480961924,0.0516013497463738,0.0421611129542442,0.00564674885018976,0.0230756020724328
1.30260521042084,0.0537924982967409,0.0392038940535175,0.00644941984399309,0.0206824122509297
1.40280561122244,0.0557520545905056,0.0364528512197644,0.00728206011284766,0.0184521879272872
1.50300601202405,0.0574958330392756,0.0338943861278326,0.00814127133243531,0.0163755373559018
1.60320641282565,0.0590388062957064,0.0315156347294273,0.00902386492731025,0.014443532384541
1.70340681362725,0.0603949823625774,0.0293045981730545,0.00992692671050647,0.0126476661955822
1.80360721442886,0.0615776912872664,0.0272498504534798,0.0108476889921131,0.0109798810682953
1.90380761523046,0.0625992767046369,0.0253408585196295,0.0117836811786664,0.00943251191187031
2.00400801603206,0.063471536817258,0.023567540720898,0.0127325288981364,0.0079982819451133
2.10420841683367,0.0642053744642311,0.0219206232727907,0.0136921247004959,0.00667030762284749
2.20440881763527,0.0648112035476377,0.0203912328743479,0.0146604470548702,0.00544203103556928
2.30460921843687,0.0652986312429094,0.0189712204210648,0.0156357066701909,0.00430726499913564
2.40480961923848,0.0656767801879597,0.0176528493328263,0.016616211070862,0.00326013645843872
2.50501002004008,0.0659541409340393,0.0164289259172396,0.0176004310026061,0.00229508532325269
2.60521042084168,0.0661386759554676,0.015292724766676,0.0185869627956551,0.00140684647929556
2.70541082164329,0.0662378303453731,0.0142379571395236,0.0195745241720794,0.000590456135635183
2.80561122244489,0.0662585895550743,0.0132587358258802,0.0205619357870587,-0.000158790188304878
2.90581162324649,0.0662074530529088,0.0123495865630935,0.021548135081356,-0.000845328031689621
3.0060120240481,0.0660904934533223,0.0115054036464355,0.022532156170947,-0.00147335995166996
3.1062124248497,0.065913382598723,0.010721425677481,0.0235131191955914,-0.00204683187259346
3.2064128256513,0.065681399039333,0.00999322565938268,0.0244902340043029,-0.00256947417507117
3.30661322645291,0.0653994664741922,0.0093166712607386,0.0254627844383122,-0.00304480160912478
3.40681362725451,0.0650721771824448,0.0086879213171296,0.0264301211476011,-0.00347611999823388
3.50701402805611,0.0647037412781084,0.00810345636704048,0.0273916901183901,-0.00386654270193778
3.60721442885772,0.0642981565627307,0.00755992848464368,0.0283469610174117,-0.00421900290781816
3.70741482965932,0.0638590646502714,0.00705430016757151,0.0292954881276608,-0.0045362451442642
3.80761523046092,0.063389880646661,0.00658371316380563,0.0302368617124529,-0.00482085228328543
3.90781563126253,0.062893734430287,0.00614555507964941,0.0311707375981241,-0.00507525117094684
4.00801603206413,0.0623735687756409,0.00573736134603979,0.0320967911700684,-0.00530171454545076
4.10821643286573,0.0618320401189025,0.00535691929213512,0.0330147688585606,-0.00550236344490081
4.20841683366733,0.061271660157721,0.00500212194051315,0.0339244289063327,-0.00567920290984785
4.30861723446894,0.060694675322524,0.00467109724187521,0.034825591584168,-0.00583408552681531
4.40881763527054,0.0601032379071241,0.00436202568390549,0.0357180687579119,-0.00596875723495746
4.50901803607214,0.0594993092158273,0.00407326086245625,0.0366017153589715,-0.00608485265650941
4.60921843687375,0.0588846087386656,0.00380336064403762,0.0374764440516971,-0.00618387568684438
4.70941883767535,0.0582608073422917,0.00355090812334571,0.0383421478167979,-0.00626724036733531
4.80961923847695,0.0576294388334987,0.00331459398366453,0.0391987397251863,-0.00633627147482674
4.90981963927856,0.0569918046583955,0.00309332501479107,0.0400462006096567,-0.00639218695400486
5.01002004008016,0.056349217870172,0.00288595996837979,0.040884465966254,-0.00643613509084298
5.11022044088176,0.055702811237981,0.00269152383916894,0.041713517821285,-0.00646915164774241
5.21042084168337,0.0550536078914157,0.00250913025277738,0.0425333569708517,-0.00649222758583368
5.31062124248497,0.0544025900250896,0.00233791391998861,0.0433439687264134,-0.00650627108956095
5.41082164328657,0.0537505604175399,0.00217716967346163,0.0441453924338736,-0.00651210986357239
5.51102204408818,0.0530983263725905,0.00202616632903513,0.0449376311180683,-0.00651052730832273
5.61122244488978,0.0524465899732984,0.00188427238860961,0.0457207200261034,-0.00650223049846448
5.71142284569138,0.0517960466665228,0.00175084124607229,0.0464946655380386,-0.00648788640095011
5.81162324649299,0.0511471833307367,0.00162541405212781,0.0472595448206963,-0.00646809036897945
5.91182364729459,0.0505005355151392,0.00150748455705789,0.0480153919941584,-0.00644341286150167
6.01202404809619,0.0498566150098666,0.00139654647549566,0.0487622360406518,-0.00641434271199562
6.1122244488978,0.0492157908548993,0.00129222442199409,0.0495001432069119,-0.00638135913411732
6.2124248496994,0.0485784202733717,0.00119415535742766,0.0502291750686276,-0.00634488971424773
6.312625250501,0.0479448818064492,0.00110192398361801,0.0509493621953098,-0.00630532484145078
6.41282565130261,0.047315415532884,0.00101527189974004,0.0516607843217559,-0.00626301289009212
6.51302605210421,0.0466903261024914,0.000933848468385165,0.0523634787774538,-0.00621828696580051
6.61322645290581,0.0460697557359181,0.00085745745426262,0.0530575398045499,-0.00617142260974825
6.71342685370742,0.0454539910709837,0.000785760071833216,0.0537429835091758,-0.00612270425886278
6.81362725450902,0.0448431834411093,0.000718536911215636,0.0544198838778239,-0.00607236111392146
6.91382765531062,0.0442374735511381,0.000655587234658681,0.0550883002207278,-0.00602061314762444
7.01402805611222,0.0436369774880388,0.000596704294783187,0.0557482957558038,-0.00596765407099986
7.11422845691383,0.0430418301681849,0.000541689889916902,0.056399917575647,-0.00591365513260975
7.21442885771543,0.0424521052288949,0.000490375240963417,0.0570432327324449,-0.00585877408807169
7.31462925851703,0.0418678987554956,0.000442580804996567,0.0576782892675727,-0.00580315800696361
7.41482965931864,0.0412892798239367,0.000398139768054598,0.058305141552212,-0.00574691759307914
7.51503006012024,0.0407163186298083,0.000356895314509484,0.0589238402940204,-0.00569017339576855
7.61523046092184,0.0401490317390474,0.000318727034518546,0.0595344474084178,-0.00563301834822585
7.71543086172345,0.0395874435407583,0.000283499325497774,0.0601370209883761,-0.00557553109427225
7.81563126252505,0.0390316062803774,0.000251081489171648,0.0607316073912415,-0.00551779719442363
7.91583166332665,0.038481567133263,0.000221303805344006,0.061318244278543,-0.00545987727613385
8.01603206412826,0.0379372911283549,0.000194094693102942,0.0618969993141417,-0.00540183412900215
8.11623246492986,0.0373988427072662,0.000169293287300726,0.0624679090270282,-0.00534370630805767
8.21643286573146,0.0368661991107709,0.000146806214030584,0.063031027063951,-0.00528554415598885
8.31663326653307,0.0363393494382655,0.000126539711945192,0.0635864143507799,-0.00522738284283016
8.41683366733467,0.0358183143221237,0.000108362704625109,0.0641341053722776,-0.00516925807648883
8.51703406813627,0.0353030883603203,9.21704506560567e-05,0.0646741532975896,-0.00511118596289407
8.61723446893788,0.0347936670566829,7.78639757884059e-05,0.0652066018081114,-0.0050532004787937
8.71743486973948,0.0342900141663943,6.5356126533897e-05,0.0657315138957293,-0.00499530923393175
8.81763527054108,0.0337921871920413,5.44966089571497e-05,0.0662489132481006,-0.004937536533634
8.91783567134268,0.0333000880407894,4.52664416630832e-05,0.0667588810387812,-0.0048798988743001
9.01803607214429,0.0328137779671592,3.75033046399464e-05,0.0672614347170662,-0.00482239819316842
9.11823647294589,0.0323331802770657,3.11738826460628e-05,0.067756657541469,-0.00476505401002846
9.21843687374749,0.0318583516920174,2.61150910659258e-05,0.0682445621137777,-0.00470786506560147
9.3186372745491,0.0313892486065241,2.22664836934672e-05,0.0687252148894531,-0.00465083957104512
9.4188376753507,0.0309258106354656,1.95829258338859e-05,0.0691986878403779,-0.00459399740136576
9.5190380761523,0.0304680868471334,1.7912955699112e-05,0.0696650042302092,-0.00453733041627258
9.61923847695391,0.0300160247991266,1.72167823753872e-05,0.0701242328008786,-0.00448084916674238
9.71943887775551,0.0295695643207054,1.74466433958131e-05,0.0705764523072814,-0.00442454490112501
9.81963927855711,0.0291288120872121,1.83954340083892e-05,0.0710216547263593,-0.00436844738660049
9.91983967935872,0.0286936238151276,2.01227855440994e-05,0.0714599623800982,-0.0043125519962297
10.0200400801603,0.0282640636854922,2.24583229484765e-05,0.0718913888100347,-0.00425685839579908
10.1202404809619,0.0278400757421194,2.5366811715874e-05,0.0723160182816352,-0.00420137289614775
10.2204408817635,0.0274216279362647,2.87924849200621e-05,0.0727339077748531,-0.00414609630347447
10.3206412825651,0.0270086998058932,3.26567696957575e-05,0.0731451257963808,-0.00409105644171199
10.4208416833667,0.0266013192629213,3.68595387034154e-05,0.0735497129294072,-0.00403624307636222
10.5210420841683,0.0261994389602284,4.13473175205209e-05,0.073947745441957,-0.00398167537440428
10.6212424849699,0.0258029939558243,4.60954080505754e-05,0.0743393082976751,-0.00392734098766519
10.7214428857715,0.0254120260931409,5.09977664677752e-05,0.0747244466206023,-0.00387327373325551
10.8216432865731,0.0250264515000107,5.60348672719729e-05,0.0751032439454107,-0.0038194647372628
10.9218436873747,0.0246462878023544,6.11238647822004e-05,0.0754757632695125,-0.00376593164088954
11.0220440881764,0.0242715004462264,6.62193642947534e-05,0.075842078809551,-0.00371268354096232
11.122244488978,0.023902026853912,7.12934397388981e-05,0.0762022726816459,-0.00365974095793043
11.2224448897796,0.0235378333802888,7.63159355130355e-05,0.0765564307142769,-0.0036070889149494
11.3226452905812,0.0231789517020122,8.1186747019249e-05,0.0769046022294602,-0.00355477231159207
11.4228456913828,0.0228253059507405,8.58938048040742e-05,0.0772468804145178,-0.00350278353502158
11.5230460921844,0.0224768729003683,9.03921841044902e-05,0.0775833406307553,-0.00345114599629753
11.623246492986,0.0221335968577805,9.46863830865452e-05,0.0779140810630911,-0.00339986224610023
11.7234468937876,0.0217954765378694,9.86845879789588e-05,0.0782391622151098,-0.00334895221439303
11.8236472945892,0.0214624691081224,0.000102387015947281,0.0785586763052286,-0.00329842649587691
11.9238476953908,0.0211345101342262,0.000105769172790732,0.0788727076755233,-0.00324830005558236
12.0240480961924,0.0208115620480878,0.000108823601513375,0.0791813540720054,-0.00319859124396359
12.124248496994,0.0204935776025721,0.000111529771865612,0.0794846937542103,-0.00314931292900164
12.2244488977956,0.0201805414806651,0.000113837299402439,0.0797828109166413,-0.00310046844754234
12.3246492985972,0.0198723940141682,0.000115745626641961,0.0800758021023288,-0.00305208781600321
12.4248496993988,0.019569098937333,0.000117237882045887,0.0803637426150919,-0.00300417656861041
12.5250501002004,0.0192705713064015,0.000118338404595436,0.0806467448248517,-0.00295674627669199
12.625250501002,0.018976796922435,0.000118999795244795,0.0809248855512806,-0.00290981275994843
12.7254509018036,0.0186877308169873,0.000119223518065301,0.0811982543723253,-0.00286339620840972
12.8256513026052,0.0184032713011336,0.000119058501551639,0.0814669627712322,-0.00281749471919953
12.9258517034068,0.0181234235291641,0.000118426637183908,0.0817310731706926,-0.00277212922730758
13.0260521042084,0.0178480832083955,0.000117397978409192,0.0819907096338491,-0.00272731285694401
13.12625250501,0.0175772121730178,0.000115945006723628,0.0822459447603052,-0.00268305858092983
13.2264529058116,0.0173107765771209,0.000114069360027572,0.0824968719574415,-0.00263937109564521
13.3266533066132,0.0170486937609952,0.000111787126623672,0.0827435893747255,-0.00259626196795835
13.4268537074148,0.0167909043893834,0.000109109739425683,0.0829861939466008,-0.00255374887390152
13.5270541082164,0.016537348868147,0.000106062485975972,0.0832247701741263,-0.00251183274616366
13.627254509018,0.0162879981261409,0.000102611158243837,0.0834594002224639,-0.00247052564539371
13.7274549098196,0.0160427318447866,9.88413904287194e-05,0.0836902043169947,-0.00242983399639428
13.8276553106212,0.0158015015946882,9.47452097578849e-05,0.0839172604542739,-0.00238975959890174
13.9278557114228,0.0155642884897247,9.02918803391689e-05,0.0841406391849438,-0.00235032348718534
14.0280561122244,0.0153309622660542,8.55908041577785e-05,0.0843604720019815,-0.00231151384250343
14.1282565130261,0.0151015351937428,8.05516208601115e-05,0.0845767974227987,-0.00227334741789375
14.2284569138277,0.0148758622588319,7.53036966688325e-05,0.0847897487774957,-0.0022358219427857
14.3286573146293,0.0146539120615431,6.98187418712304e-05,0.0849993904358547,-0.00219894517693584
14.4288577154309,0.0144356200363478,6.41329432218424e-05,0.0852058198882728,-0.00216271619343534
14.5290581162325,0.0142209742010818,5.81969628188905e-05,0.0854090846968163,-0.00212713926723756
14.6292585170341,0.0140098182988859,5.21347807145855e-05,0.0856093133663474,-0.00209221589239587
14.7294589178357,0.0138021022851453,4.59510695968446e-05,0.0858065838721815,-0.00205793929206454
14.8296593186373,0.013597831085207,3.96061183263741e-05,0.0860009440101697,-0.00202431958822899
14.9298597194389,0.0133968627206491,3.31989138565997e-05,0.0861925007098496,-0.0019913422174152
15.0300601202405,0.0131991189529105,2.6754837358145e-05,0.0863813489632669,-0.001959011107837
15.1302605210421,0.0130046230407712,2.02283742946202e-05,0.086567516598164,-0.00192732605232394
15.2304609218437,0.0128132366707455,1.36956482483797e-05,0.0867511107119847,-0.0018962842826991
15.3306613226453,0.0126249455045746,7.15581980099966e-06,0.0869321909806067,-0.00186586855291656
15.4308617234469,0.012439631334735,6.73351204683037e-07,0.0871108435847408,-0.00183609280343016
15.5310621242485,0.0122572748026787,-5.78436732621979e-06,0.0872871175778647,-0.00180692894335128
15.6312625250501,0.0120777915051027,-1.21434910904383e-05,0.0874610978169632,-0.00177839310680713
15.7314629258517,0.0119011265428142,-1.84040996019097e-05,0.0876328418753876,-0.00175045220285323
15.8316633266533,0.0117271920055372,-2.45250960695942e-05,0.0878024217011541,-0.00172311821742599
15.9318637274549,0.0115559595415506,-3.04962376681678e-05,0.0879698923219033,-0.00169637688770824
16.0320641282565,0.0113873882966044,-3.6335574400817e-05,0.0881353030062186,-0.00167021634029837
16.1322645290581,0.0112213552391838,-4.19626488394192e-05,0.0882987365354108,-0.00164462756241347
16.2324649298597,0.0110579019999895,-4.74252235314193e-05,0.0884602035416849,-0.00161961186540701
16.3326653306613,0.0108968725291663,-5.2637276330772e-05,0.0886198096786248,-0.00159513205131224
16.4328657314629,0.0107382351008338,-5.75891522999056e-05,0.0887775902620276,-0.00157120037293057
16.5330661322645,0.0105819625415932,-6.23014341570721e-05,0.0889335820847709,-0.00154778990666728
16.6332665330661,0.0104280326762331,-6.67731545560823e-05,0.0890878246506419,-0.00152490298440836
16.7334669338677,0.0102763368643675,-7.09547500788166e-05,0.0892403785986042,-0.00150252260028984
16.8336673346693,0.0101268061752707,-7.48070683966318e-05,0.0893913075377959,-0.00148062616618471
16.9338677354709,0.00997946610282878,-7.83849185097135e-05,0.0895406103753705,-0.00145921118959408
17.0340681362725,0.00983424145370978,-8.16508421938589e-05,0.0896883442713824,-0.00143826167951411
17.1342685370741,0.0096910898948634,-8.46021607693315e-05,0.0898345386354256,-0.00141775774053389
17.2344689378758,0.00954992191815335,-8.71892173118088e-05,0.089979250646026,-0.00139769815186601
17.3346693386774,0.00941074038341245,-8.94536814742136e-05,0.0901224945742826,-0.0013780605958062
17.434869739479,0.00927348970247618,-9.1385603458824e-05,0.090264297985282,-0.00135883186473839
17.5350701402806,0.00913812906425414,-9.2950223774424e-05,0.0904047068419852,-0.001340006935354
17.6352705410822,0.00900463020354699,-9.41833139653375e-05,0.0905437227550755,-0.00132154899569684
17.7354709418838,0.00887297338463492,-9.50756224172705e-05,0.0906813863926185,-0.00130347460574199
17.8356713426854,0.00874308465341914,-9.56068676312982e-05,0.0908177155471116,-0.00128574682813034
17.935871743487,0.00861491364160663,-9.5777201174374e-05,0.0909527439975196,-0.00126835935948841
18.0360721442886,0.00848849136700046,-9.56124001483677e-05,0.0910864727913809,-0.00125130492089762
18.1362725450902,0.00836374812102064,-9.51089225777746e-05,0.0912189259663844,-0.00123456086489399
18.2364729458918,0.00824066647718681,-9.42742179246558e-05,0.0913501154595725,-0.00121811335289724
18.3366733466934,0.00811921532254651,-9.311042552404e-05,0.0914800579125099,-0.00120195614855796
18.436873747495,0.0079993373429451,-9.16052822015345e-05,0.0916087754842728,-0.00118607100454676
18.5370741482966,0.00788105247749708,-8.97822082557981e-05,0.0917362652840045,-0.00117044481256443
18.6372745490982,0.00776429557708782,-8.76499098829281e-05,0.091862541243656,-0.00115507124424005
18.7374749498998,0.007649089184584,-8.52341314741961e-05,0.0919876053936718,-0.00113993453429691
18.8376753507014,0.00753538538420396,-8.25388293776846e-05,0.0921114680514592,-0.00112501781810256
18.937875751503,0.00742318058727398,-7.95715281924902e-05,0.0922341318782422,-0.00111031435743465
19.0380761523046,0.0073123905795062,-7.63100636395342e-05,0.0923556207921759,-0.00109581326943778
19.1382765531062,0.00720305494663574,-7.27989059815248e-05,0.092475916966224,-0.00108150149460037
19.2384769539078,0.00709518356086302,-6.90904455910579e-05,0.0925950116694671,-0.00106737774626088
19.3386773547094,0.00698868550996373,-6.51283242806833e-05,0.0927129217552126,-0.00105341698176738
19.438877755511,0.00688358368889575,-6.09769532205068e-05,0.0928296532762056,-0.00103961328396219
19.5390781563126,0.00677989171038624,-5.66561039012092e-05,0.0929451722054229,-0.00102596673212468
19.6392785571142,0.00667753412143737,-5.21311788869994e-05,0.0930595151910765,-0.00101246080446175
19.7394789579158,0.00657652473214148,-4.74344309792929e-05,0.0931726663685217,-0.000999089349504672
19.8396793587174,0.00647685188854745,-4.26028214092905e-05,0.0932846076555114,-0.000985843192805244
19.939879759519,0.00637854944700819,-3.77020510342885e-05,0.0933953336391818,-0.000972717574579288
20.0400801603206,0.00628150934551255,-3.26245215466481e-05,0.0935048688346234,-0.000959706096109921
20.1402805611222,0.00618580421008295,-2.75003791487954e-05,0.0936131732073427,-0.000946800462896173
20.2404809619238,0.00609141401135075,-2.23170915274323e-05,0.093720243361527,-0.000933999747983794
20.3406813627255,0.00599827255326843,-1.70608428295554e-05,0.0938261012619346,-0.000921278856350143
20.4408817635271,0.0059064300663154,-1.17748491710867e-05,0.0939307131073434,-0.000908659525313398
20.5410821643287,0.00581587800260468,-6.47696056339797e-06,0.0940340744921937,-0.000896126965620316
20.6412825651303,0.00572659222571823,-1.19652860869346e-06,0.0941361761747309,-0.000883673583712292
20.7414829659319,0.0056385133949743,4.10017975957522e-06,0.0942370349037151,-0.000871293210854218
20.8416833667335,0.00555173224016308,9.3377817698137e-06,0.0943366113980735,-0.000858984894945152
20.9418837675351,0.00546614741699885,1.45347951462649e-05,0.094434913900247,-0.000846761803519538
21.0420841683367,0.00538182608420445,1.96491703837731e-05,0.0945319299380482,-0.000834603162698208
21.1422845691383,0.00529874846875431,2.46571433019649e-05,0.0946276416106776,-0.000822513303777275
21.2424849699399,0.00521686801392907,2.95750235367459e-05,0.0947220570434594,-0.000810489508578584
21.3426853707415,0.00513619919513501,3.43846117003693e-05,0.0948151663020429,-0.000798537167462272
21.4428857715431,0.00505677186555697,3.90300373412644e-05,0.0949069463465591,-0.000786643027823486
21.5430861723447,0.00497852805439059,4.35497139829183e-05,0.0949974119147052,-0.000774817613622655
21.6432865731463,0.00490146015124834,4.78988314609879e-05,0.0950865513634776,-0.000763061426130838
21.7434869739479,0.00482563279273793,5.20499250456635e-05,0.0951743346842322,-0.000751367954102662
21.8436873747495,0.00475093610048093,5.60525434421394e-05,0.0952607917655538,-0.000739746171495971
21.9438877755511,0.00467742829123882,5.98340279418241e-05,0.0953458954793337,-0.000728192370505758
22.0440881763527,0.00460509068128322,6.34074284585617e-05,0.0954296494966149,-0.0007167120919978
22.1442885771543,0.00453393558369237,6.67295983994981e-05,0.0955120267356603,-0.000705304788248716
22.2444889779559,0.00446390650167053,6.98449984010141e-05,0.0955930626313066,-0.000693970844823118
22.3446893787575,0.00439502279379423,7.27143415427678e-05,0.0956727263363384,-0.00068272577030576
22.4448897795591,0.00432728720182896,7.53309915341865e-05,0.0957510142022397,-0.000671552142647846
22.5450901803607,0.00426065340918919,7.77071966213128e-05,0.0958279523100617,-0.000660460413069366
22.6452905811623,0.00419519267034564,7.97830904579744e-05,0.0959035004147715,-0.000649474306102416
22.7454909819639,0.00413080890361701,8.1594850618566e-05,0.0959776837442427,-0.000638559732329207
22.8456913827655,0.00406753393980101,8.3150933704132e-05,0.0960504975574544,-0.000627747238821707
22.9458917835671,0.0040053172178955,8.44282336367186e-05,0.096121953856139,-0.000617033871025343
23.0460921843687,0.0039442032796315,8.54110653854406e-05,0.096192030209908,-0.000606424132473365
23.1462925851703,0.00388413919915597,8.6149446241815e-05,0.0962607540221818,-0.000595919875132764
23.2464929859719,0.00382514258963312,8.65640967360887e-05,0.0963281149736089,-0.000585523950778898
23.3466933867735,0.0037671951415156,8.67071407633507e-05,0.0963941140639385,-0.000575243293230615
23.4468937875751,0.00371027638282183,8.65678905934142e-05,0.0964587744348097,-0.000565084849355798
23.5470941883768,0.00365440467695315,8.61256480584605e-05,0.0965220729711627,-0.000555048159906796
23.6472945891784,0.00359949387635088,8.54410529279315e-05,0.0965840567586744,-0.000545132741727157
23.74749498998,0.00354558174898168,8.44630149363645e-05,0.0966447105985351,-0.000535354999389319
23.8476953907816,0.00349264621650297,8.32470866812401e-05,0.0967040507742369,-0.000525713832779727
23.9478957915832,0.00344069891351495,8.17251547350906e-05,0.0967620701552444,-0.000516205048578009
24.0480961923848,0.00338964442206163,7.99726864235822e-05,0.0968188128004525,-0.000506845476707513
24.1482965931864,0.00333958671525863,7.79450542696264e-05,0.0968742502404732,-0.000497633535103748
24.248496993988,0.00329044002003709,7.5652766718351e-05,0.0969284111823151,-0.000488567165069242
24.3486973947896,0.00324215685505225,7.31585629019926e-05,0.0969813345384709,-0.000479660741057746
24.4488977955912,0.00319477009561341,7.04293819906721e-05,0.0970330060820543,-0.000470912952982521
24.5490981963928,0.00314825694213135,6.74907076630982e-05,0.0970834495069325,-0.000462317932192282
24.6492985971944,0.00310259183113112,6.43343894176779e-05,0.0971326782375359,-0.000453896966333688
24.749498997996,0.00305778333857706,6.09597269223411e-05,0.097180705491113,-0.000445638440128893
24.8496993987976,0.00301376721389892,5.74227085476386e-05,0.0972275569643302,-0.000437554849320705
24.9498997995992,0.00297054233346386,5.36980523712233e-05,0.0972732479331451,-0.000429641092571346
25.0501002004008,0.00292810707968609,4.98141195486024e-05,0.0973177966715899,-0.000421896645810353
25.1503006012024,0.00288640303467787,4.58105203095804e-05,0.0973612323454145,-0.000414334783065732
25.250501002004,0.00284543591647698,4.16827618923282e-05,0.0974035741568981,-0.000406949239182269
25.3507014028056,0.00280525493461904,3.73608829122851e-05,0.0974448042660292,-0.000399746848611286
25.4509018036072,0.00276576592425402,3.2976571737578e-05,0.0974849878560638,-0.000392720727386977
25.5511022044088,0.00272690014811394,2.85057492051544e-05,0.0975241487380015,-0.000385881189707065
25.6513026052104,0.0026887452834568,2.39601248846893e-05,0.0975622884400281,-0.000379221608680971
25.751503006012,0.0026512168394887,1.93481876870766e-05,0.0975994424284454,-0.000372745785014062
25.8517034068136,0.00261434791526589,1.46709327306788e-05,0.0976356139585,-0.000366453040304645
25.9519038076152,0.00257805933755884,9.97169908636963e-06,0.097670857629563,-0.000360344448034594
26.0521042084168,0.00254239004685707,5.23400334535851e-06,0.0977051680648958,-0.000354416136917437
26.1523046092184,0.00250726777831113,5.11654296167507e-07,0.097738590228178,-0.000348674589346973
26.25250501002,0.00247270636666013,-4.19689174964433e-06,0.0977711513967632,-0.000343109291191942
26.3527054108216,0.00243868818579961,-8.88295658922622e-06,0.0978028635010778,-0.00033772101332393
26.4529058116232,0.00240520601971364,-1.35588325955449e-05,0.0978337460247479,-0.000332522541525329
26.5531062124249,0.00237221814536946,-1.81675522752667e-05,0.0978638481966466,-0.000327480106645345
26.6533066132265,0.00233965671470366,-2.26592687071897e-05,0.0978931956454901,-0.000322626479314251
26.7535070140281,0.00230757523346004,-2.70816948403779e-05,0.0979218025755792,-0.000317930952507827
26.8537074148297,0.00227598245573427,-3.14204313127259e-05,0.0979496970729563,-0.000313405266553108
26.9539078156313,0.00224481669518651,-3.56824448043275e-05,0.0979768849435197,-0.000309048674033598
27.0541082164329,0.00221401957398182,-3.97604784207334e-05,0.0980034391743632,-0.000304847596085106
27.1543086172345,0.00218366167367215,-4.3731338561101e-05,0.0980293446150557,-0.000300809113050602
27.2545090180361,0.00215368034876573,-4.7559813102005e-05,0.0980546471217619,-0.000296913302572128
27.3547094188377,0.00212406998769769,-5.12141844818681e-05,0.0980793610058962,-0.000293178932936661
27.4549098196393,0.00209481167901579,-5.4693107961884e-05,0.098103532966063,-0.000289581685936919
27.5551102204409,0.00206589418518125,-5.79937977011474e-05,0.0981271780416182,-0.000286119807717575
27.6553106212425,0.00203728790436942,-6.10797643056382e-05,0.098150309396229,-0.000282793056080927
27.7555110220441,0.00200898899220877,-6.39814456152438e-05,0.0981729778194418,-0.000279600477512158
27.8557114228457,0.0019810173433896,-6.66710037161844e-05,0.0981951844806562,-0.000276525271334014
27.9559118236473,0.00195332400298249,-6.91415507155929e-05,0.0982169654148747,-0.000273571430970641
28.0561122244489,0.0019259154008785,-7.13769423851124e-05,0.0982383405205339,-0.000270729211096647
28.1563126252505,0.00189875061526769,-7.33672613986852e-05,0.0982593507833034,-0.000267994103334562
28.2565130260521,0.00187187967404147,-7.51504940177533e-05,0.0982799879321274,-0.000265356591706516
28.3567134268537,0.00184523777117035,-7.66740146846828e-05,0.0983002973859785,-0.00026281556441698
28.4569138276553,0.00181882842700396,-7.79347004302433e-05,0.0983203123478577,-0.000260362494306102
28.5571142284569,0.00179264182275679,-7.89221544297281e-05,0.0983400409661692,-0.000257991688939841
28.6573146292585,0.00176673662110456,-7.97160138052422e-05,0.0983594774627247,-0.000255691461524428
28.7575150300601,0.00174099807443731,-8.01861835915407e-05,0.0983786906834409,-0.000253460704381708
28.8577154308617,0.00171552268062366,-8.04553941909092e-05,0.0983976662617621,-0.000251302345670393
28.9579158316633,0.00169018366273903,-8.03966244416615e-05,0.0984164693362582,-0.000249186739538253
29.0581162324649,0.00166509684372577,-8.01140441261394e-05,0.0984350662980866,-0.000247124621571059
29.1583166332665,0.00164019514839181,-7.95757818381204e-05,0.0984535000251546,-0.000245111462268756
29.2585170340681,0.00161549404980238,-7.87657579564283e-05,0.098471789465482,-0.00024312331305171
29.3587174348697,0.0015909746105483,-7.77135640013943e-05,0.0984899521409672,-0.000241174805111711
29.4589178356713,0.00156667937022142,-7.64128828883714e-05,0.0985079926138469,-0.000239248987930742
29.5591182364729,0.00154255631013357,-7.48548693113305e-05,0.0985259307963014,-0.000237337180278889
29.6593186372745,0.00151861942854617,-7.30538723810875e-05,0.0985438050381292,-0.000235442259405883
29.7595190380762,0.00149488207393856,-7.10311820094484e-05,0.0985615987177124,-0.000233548223058843
29.8597194388778,0.00147132277661306,-6.87742116232681e-05,0.0985793494862901,-0.00023165338447442
29.9599198396794,0.00144796146231301,-6.62933259767684e-05,0.0985970426016672,-0.000229757941813586
30.060120240481,0.00142478368489111,-6.35811214544646e-05,0.0986147238912736,-0.000227838126564883
30.1603206412826,0.00140184637050344,-6.07159980548083e-05,0.0986323648137954,-0.000225914607712204
30.2605210420842,0.00137905439698299,-5.76092539426726e-05,0.0986500190132667,-0.000223967244303188
30.3607214428858,0.0013565001773334,-5.43299424049237e-05,0.0986676621315868,-0.000221986308190823
30.4609218436874,0.00133412945096391,-5.08805908937537e-05,0.0986853100527954,-0.000219983109243758
30.561122244489,0.00131198540620423,-4.72691439670631e-05,0.0987029880143206,-0.000217930462763718
30.6613226452906,0.00129004496194425,-4.3507874478238e-05,0.0987206875034538,-0.000215849328359156
30.7615230460922,0.00126833624973668,-3.96111973505892e-05,0.0987384254365293,-0.000213724634272277
30.8617234468938,0.0012468613918549,-3.5590133010327e-05,0.0987561843750693,-0.000211540000560965
30.9619238476954,0.00122560990826382,-3.14598658149728e-05,0.098773994235164,-0.000209318355109
31.062124248497,0.0012045711538505,-2.72038384940693e-05,0.0987918636166074,-0.000207037894700797
31.1623246492986,0.00118381388804754,-2.28931001001326e-05,0.0988097668459398,-0.000204699905259096
31.2625250501002,0.00116325678165006,-1.84748889450193e-05,0.0988277479598468,-0.000202300620753098
31.3627254509018,0.00114300041360658,-1.40410811839964e-05,0.0988457570860935,-0.000199841031648043
31.4629258517034,0.00112299348916554,-9.53315673742072e-06,0.0988638329406358,-0.000197318571375902
31.563126252505,0.00110323738134669,-5.002584404043e-06,0.0988819685950011,-0.000194736263250853
31.6633266533066,0.00108378504453644,-5.038173537808e-07,0.0989001569881735,-0.000192082207351912
31.7635270541082,0.00106459277886741,4.05791648594445e-06,0.0989184074744157,-0.000189371066877154
31.8637274549098,0.00104572287054394,8.53385994796507e-06,0.0989366939518201,-0.000186591601791401
31.9639278557114,0.00102711712520837,1.30310747415985e-05,0.0989550522333848,-0.000183745067403508
32.064128256513,0.0010088502262651,1.74460748341709e-05,0.098973453944704,-0.000180832842926225
32.1643286573146,0.000990842965525172,2.18497947850754e-05,0.0989919028859984,-0.000177859018487492
32.2645290581162,0.000973178698468765,2.61483726331918e-05,0.0990104001082707,-0.00017481057865151
32.3647294589178,0.000955854215705478,3.03181564700189e-05,0.0990289235754812,-0.000171716940543142
32.4649298597194,0.000938828792325593,3.44381894625129e-05,0.0990474901292724,-0.000168555570584452
32.565130260521,0.000922155427049557,3.84036329835191e-05,0.0990660848409627,-0.000165340412097833
32.6653306613226,0.000905826358846907,4.22400075271168e-05,0.0990846916230225,-0.000162064908318687
32.7655310621242,0.0008898457103461,4.59224801673958e-05,0.0991033176238373,-0.000158740585761901
32.8657314629259,0.000874193553917833,4.9473321318147e-05,0.0991219664529358,-0.000155364315642189
32.9659318637275,0.000858910119117504,5.28445837540276e-05,0.099140600625956,-0.000151946610192603
33.0661322645291,0.000843971887701009,5.60295908360875e-05,0.0991592504841891,-0.000148489784625478
33.1663326653307,0.000829402576259222,5.90315779893102e-05,0.0991778860607544,-0.00014499577543792
33.2665330661323,0.000815219740584048,6.17763144359768e-05,0.0991964698600198,-0.000141470344300496
33.3667334669339,0.000801381224288379,6.43703603283585e-05,0.0992150591789989,-0.000137911680439319
33.4669338677355,0.000787912051672893,6.67073261558931e-05,0.0992335943226123,-0.000134325761916716
33.5671342685371,0.00077482002661772,6.88402853596393e-05,0.0992520957239309,-0.000130732874889249
33.6673346693387,0.000762083625305981,7.07228786438058e-05,0.0992705344011095,-0.000127124484501889
33.7675350701403,0.000749729295914473,7.23576390829761e-05,0.0992889153379425,-0.000123509047088054
33.8677354709419,0.0007377507052961,7.37377296731317e-05,0.0993072192302544,-0.000119898812738598
33.9679358717435,0.000726138735383128,7.4844296592852e-05,0.0993254347245203,-0.000116279245030007
34.0681362725451,0.000714895142197613,7.56872317012325e-05,0.0993435691288283,-0.000112689321722245
34.1683366733467,0.000704027472908016,7.6302263845987e-05,0.099361596688115,-0.000109110010733926
34.2685370741483,0.000693534280502327,7.66019147467323e-05,0.0993795157015612,-0.000105546769794173
34.3687374749499,0.000683366047570709,7.66670046519896e-05,0.0993973221181603,-0.000102030828864635
34.4689378757515,0.000673570122800169,7.6434044695331e-05,0.0994149807687102,-9.85424336310897e-05
34.5691382765531,0.000664131077316564,7.5906722425384e-05,0.099432512767699,-9.51036488473358e-05
34.6693386773547,0.000655045209992562,7.51409561527139e-05,0.0994498964323607,-9.17163255940964e-05
34.7695390781563,0.000646249573266112,7.41290873701173e-05,0.0994671384304474,-8.83810843717727e-05
34.8697394789579,0.00063781359242816,7.2827519132887e-05,0.0994841969966541,-8.51157198049129e-05
34.9699398797595,0.000629706429142871,7.1259646029595e-05,0.0995010899886363,-8.19229295773379e-05
35.0701402805611,0.000621916966977661,6.94064426060709e-05,0.0995177951416774,-7.88015826976294e-05
35.1703406813627,0.000614412444799167,6.734730023919e-05,0.0995343190267558,-7.57717413980247e-05
35.2705410821643,0.000607205706162493,6.50236064446558e-05,0.0995506434056803,-7.28219009728999e-05
35.3707414829659,0.000600292335203422,6.24826110017518e-05,0.0995667628952822,-6.99811617364928e-05
35.4709418837675,0.000593636376137611,5.96887098775339e-05,0.0995826641627637,-6.72403844339988e-05
35.5711422845691,0.000587245149396739,5.66924186468365e-05,0.0995983449764486,-6.46071807731209e-05
35.6713426853707,0.000581125479716512,5.34663073421954e-05,0.0996137952067345,-6.20820981780403e-05
35.7715430861723,0.000575249508698816,5.00298952676725e-05,0.0996289989862809,-5.96807627212928e-05
35.8717434869739,0.000569599708625484,4.64293331057242e-05,0.0996439784990162,-5.74058655308556e-05
35.9719438877756,0.000564095812551973,4.26699436577166e-05,0.0996587162560643,-5.52528246412697e-05
36.0721442885772,0.000558876345388308,3.86890542730944e-05,0.0996731845300583,-5.32465907142554e-05
36.1723446893788,0.000553773435300545,3.4640943904457e-05,0.0996873981916023,-5.13713802257867e-05
36.2725450901804,0.000548868774787051,3.04019564263958e-05,0.0997013543743619,-4.96350235765227e-05
36.372745490982,0.00054411511538546,2.60542850602091e-05,0.0997150306545325,-4.80494553591979e-05
36.4729458917836,0.000539517293747124,2.1591172817359e-05,0.0997284310697484,-4.6602009669077e-05
36.5731462925852,0.000535000177580378,1.70604149384995e-05,0.0997415616557722,-4.53130937297164e-05
36.6733466933868,0.000530608473258576,1.24659331584426e-05,0.0997544253655817,-4.41731647042088e-05
36.7735470941884,0.000526292055883637,7.8093479632807e-06,0.0997669944188142,-4.31842345283192e-05
36.87374749499,0.000522070697049431,3.12838365940094e-06,0.0997792626323708,-4.23543374117935e-05
36.9739478957916,0.000517928010400598,-1.6155768402526e-06,0.099791250540773,-4.16754719057768e-05
37.0741482965932,0.00051380167282851,-6.29175125893555e-06,0.0998029432322986,-4.11488020490844e-05
37.1743486973948,0.000509676866975926,-1.09586832027497e-05,0.0998143670233989,-4.07858085843113e-05
37.2745490981964,0.000505614492494646,-1.56682295722604e-05,0.0998254499724622,-4.05713483429759e-05
37.374749498998,0.000501521401365003,-2.02399220032567e-05,0.0998362757123306,-4.05077830477908e-05
37.4749498997996,0.000497400069596402,-2.47751990088002e-05,0.0998467853217532,-4.06008856634232e-05
37.5751503006012,0.000493261906645336,-2.91922531540922e-05,0.0998569998345105,-4.08422801618178e-05
37.6753507014028,0.000489042194730906,-3.35007095886991e-05,0.0998669354722145,-4.12262792442146e-05
37.7755511022044,0.000484805522962064,-3.77065763558782e-05,0.0998765483056687,-4.17453866432443e-05
37.875751503006,0.000480494718238216,-4.17796789161096e-05,0.099885858041882,-4.24015524513092e-05
37.9759519038076,0.000476065731857438,-4.56574710390734e-05,0.0998948940862477,-4.31885149495019e-05
38.0761523046092,0.000471563581222084,-4.93681405869112e-05,0.0999036235228219,-4.41016534103137e-05
38.1763527054108,0.0004669309626347,-5.2902259893392e-05,0.09991205622777,-4.51341020388786e-05
38.2765531062124,0.000462161725939971,-5.62033424445774e-05,0.0999202023685999,-4.62868245227048e-05
38.376753507014,0.000457278677782021,-5.92962558179227e-05,0.0999280448474216,-4.75333087731336e-05
38.4769539078156,0.000452278322993317,-6.21517330740839e-05,0.099935598941201,-4.88844342803261e-05
38.5771543086172,0.000447096638656059,-6.47466998680291e-05,0.0999428745288236,-5.03322379710108e-05
38.6773547094188,0.000441733289250563,-6.70760323966402e-05,0.0999498503051004,-5.18497977931612e-05
38.7775551102204,0.000436239713210665,-6.91488697610876e-05,0.0999565585441326,-5.3444366144207e-05
38.877755511022,0.00043053914525117,-7.088925521824e-05,0.0999629920930579,-5.50959469342446e-05
38.9779559118236,0.000424689093670807,-7.23737535307523e-05,0.099969119165971,-5.68083390802653e-05
39.0781563126253,0.000418634190872981,-7.35128581929728e-05,0.0999749999396219,-5.85606412118988e-05
39.1783567134269,0.000412429827033008,-7.43871749058905e-05,0.0999805788064383,-6.03414833178408e-05
39.2785571142285,0.000406030429460482,-7.49297669647292e-05,0.0999858992584468,-6.21504422086333e-05
39.3787575150301,0.00039943789230061,-7.51309537845024e-05,0.0999909666374432,-6.39621800557319e-05
39.4789579158317,0.000392689662923604,-7.50254024776131e-05,0.0999957461068999,-6.57659627688727e-05
39.5791583166333,0.000385710739798871,-7.45677209845891e-05,0.100000278342775,-6.75607908849625e-05
39.6793587174349,0.000378567806561556,-7.37717233036672e-05,0.100004550473704,-6.93273046641928e-05
39.7795591182365,0.000371304039085876,-7.27052507375064e-05,0.10000854981626,-7.10579800115288e-05
39.8797595190381,0.000363792887591898,-7.12449652636865e-05,0.100012326034981,-7.27322821182148e-05
39.9799599198397,0.000356186081553706,-6.95161974342412e-05,0.100015826335802,-7.43519023464496e-05
40.0801603206413,0.000348387859605259,-6.74158815348325e-05,0.10001908961504,-7.58882253567049e-05
40.1803607214429,0.000340462422668781,-6.50188895498921e-05,0.10002210418836,-7.73363624424824e-05
40.2805611222445,0.000332392450159518,-6.2334391029345e-05,0.100024873651994,-7.86831631910288e-05
40.3807615230461,0.000324243517086936,-5.93543006888603e-05,0.100027412145324,-7.99228391571894e-05
40.4809619238477,0.000315958931424883,-5.60828051007767e-05,0.100029698036342,-8.10358742112387e-05
40.5811623246493,0.000307581505133672,-5.25298194615914e-05,0.100031760996481,-8.20101012539411e-05
40.6813627254509,0.000299137449583443,-4.87468486591452e-05,0.100033576612969,-8.28327564121279e-05
40.7815631262525,0.000290638354199634,-4.4678963462455e-05,0.100035171385867,-8.34988165887335e-05
40.8817635270541,0.00028207078716457,-4.03848546025043e-05,0.100036534049859,-8.39948990440338e-05
40.9819639278557,0.000273493967291467,-3.58760957174797e-05,0.100037674874437,-8.4320060926928e-05
41.0821643286573,0.000264939181767379,-3.12128042426335e-05,0.100038568342777,-8.44464897074865e-05
41.1823647294589,0.00025636236578644,-2.63578911184198e-05,0.100039253916459,-8.43788731375948e-05
41.2825651302605,0.000247870375351719,-2.13882313451486e-05,0.100039699504808,-8.41171777639952e-05
41.3827655310621,0.000239369218922433,-1.62312469233067e-05,0.100039947137992,-8.36322811681885e-05
41.4829659318637,0.000230987227191792,-1.10109051772583e-05,0.100039954935137,-8.29347124430672e-05
41.5831663326653,0.000222699186679588,-5.71141371687178e-06,0.100039745627684,-8.20116955245363e-05
41.6833667334669,0.000214526845666158,-3.24982294533371e-07,0.100039316840694,-8.08664606124532e-05
41.7835671342685,0.000206515243215278,5.07066341684514e-06,0.10003867161627,-7.94785225251562e-05
41.8837675350701,0.000198655370401698,1.0448903771762e-05,0.100037811152521,-7.78676961893607e-05
41.9839679358717,0.000191024528605487,1.58044296687671e-05,0.100036715968799,-7.60219505566539e-05
42.0841683366733,0.000183593584239865,2.10824671829507e-05,0.100035410839014,-7.39403954197872e-05
42.1843687374749,0.000176416299063264,2.63164301163021e-05,0.100033894636476,-7.16260765998322e-05
42.2845691382766,0.000169494870399623,3.14126800549097e-05,0.100032162974754,-6.9082660880413e-05
42.3847695390782,0.000162862508351331,3.63537567072553e-05,0.100030207488507,-6.63095096063526e-05
42.4849699398798,0.000156537219082467,4.11239645390499e-05,0.100028038538304,-6.33237920530099e-05
42.5851703406814,0.000150548774008686,4.57058546481093e-05,0.100025656932794,-6.01264847570078e-05
42.685370741483,0.000144894976717985,5.0071647683253e-05,0.100023067536292,-5.67160604827512e-05
42.7855711422846,0.00013958361123634,5.41920505952032e-05,0.100020264812592,-5.31118507442771e-05
42.8857715430862,0.000134715678899808,5.7986442865976e-05,0.100017236490136,-4.93318714573515e-05
42.9859719438878,0.000130232971021029,6.14672862961491e-05,0.100014008398758,-4.53815731528999e-05
43.0861723446894,0.000126128353959228,6.46677643145882e-05,0.10001058036812,-4.12787667929863e-05
43.186372745491,0.000122505296016435,6.74360572784777e-05,0.100006935460133,-3.70359526626244e-05
43.2865731462926,0.000119293658887133,6.98712322517725e-05,0.10000309022285,-3.26794494403948e-05
43.3867735470942,0.000116536118016728,7.19007529759869e-05,0.0999990460062579,-2.82133294694067e-05
43.4869739478958,0.000114217148576782,7.35000271798458e-05,0.0999948110249058,-2.36793116694735e-05
43.5871743486974,0.000112371912623701,7.46817699842084e-05,0.0999903760665417,-1.90781996737977e-05
43.687374749499,0.000110979544749384,7.54167302159381e-05,0.0999857588199179,-1.44575721288459e-05
43.7875751503006,0.000110050502903376,7.56747867076413e-05,0.0999809388495768,-9.82063135084627e-06
43.8877755511022,0.000109630021438742,7.54034217591848e-05,0.0999759344353025,-5.21939470832771e-06
43.9879759519038,0.000109619685588486,7.47069099836239e-05,0.0999707661812399,-6.64480143002718e-07
44.0881763527054,0.000110048058173019,7.35101656458154e-05,0.099965427637872,3.82258085108523e-06
44.188376753507,0.000110958649227792,7.17920817682044e-05,0.0999599141917826,8.17653258572499e-06
44.2885771543086,0.000112253492560531,6.96143703170088e-05,0.0999542554084352,1.24012385832253e-05
44.3887775551102,0.000113911308147344,6.69698610506614e-05,0.0999484536832157,1.64440140074078e-05
44.4889779559118,0.000115999531577637,6.38016912215128e-05,0.0999424887008238,2.02763938762259e-05
44.5891783567134,0.000118424331691385,6.01958753445458e-05,0.0999364148392884,2.38669158971863e-05
44.689378757515,0.000121181019687376,5.61227827292482e-05,0.0999302000454089,2.7178143563927e-05
44.7895791583166,0.000124208452637382,5.16325200424494e-05,0.0999238879300809,3.0171370810548e-05
44.8897795591182,0.000127521824286588,4.66993627855489e-05,0.0999174543576296,3.28065739701538e-05
44.9899799599198,0.000131065399920483,4.13809754931382e-05,0.0999109360322861,3.50692538192497e-05
45.0901803607214,0.000134770490780125,3.57022891779163e-05,0.0999043425368234,3.69115737780328e-05
45.190380761523,0.000138568803406382,2.97556013721667e-05,0.0998976992017461,3.82987837495843e-05
45.2905811623246,0.000142499890898977,2.34619367052713e-05,0.0998909823764543,3.92053174356828e-05
45.3907815631263,0.000146456280695233,1.69742719257071e-05,0.0998842345187991,3.95979804890042e-05
45.4909819639279,0.000150403150531361,1.02352381317478e-05,0.0998774536062803,3.9444398936669e-05
45.5911823647295,0.000154264085929974,3.36288349522817e-06,0.0998706560715376,3.87281051306225e-05
45.6913827655311,0.0001579737780061,-3.63061527856867e-06,0.0998638772400742,3.74130661788264e-05
45.7915831663327,0.000161476548153773,-1.05919709690039e-05,0.0998571197804539,3.54849097597824e-05
45.8917835671343,0.000164784828117364,-1.76434705476125e-05,0.0998503592907329,3.29193238218832e-05
45.9919839679359,0.000167733445249976,-2.45547210299957e-05,0.0998436784873851,2.97176334839221e-05
46.0921843687375,0.000170329722799953,-3.13576819171851e-05,0.0998370277918537,2.58555210032453e-05
46.1923847695391,0.000172438382135469,-3.79362960381824e-05,0.0998304736179984,2.13444635031374e-05
46.2925851703407,0.000174061676758617,-4.42882220069857e-05,0.0998239924709176,1.61803143584113e-05
46.3927855711423,0.000175104621517056,-5.0252127911668e-05,0.0998176159253864,1.03767568924197e-05
46.4929859719439,0.000175538866627371,-5.58609810024785e-05,0.09981131859679,3.93593075811782e-06
46.5931863727455,0.000175253996227326,-6.09600102584179e-05,0.0998051718805668,-3.09876354728495e-06
46.6933867735471,0.00017422877539727,-6.54991536628569e-05,0.0997991422645806,-1.06987158888796e-05
46.7935871743487,0.00017239021028718,-6.94154410757486e-05,0.0997932445768819,-1.88192083923158e-05
46.8937875751503,0.000169707882779113,-7.26598450632027e-05,0.0997874787982083,-2.74163917483819e-05
46.9939879759519,0.000166189682451074,-7.51842406903208e-05,0.099781834827756,-3.64169026674962e-05
47.0941883767535,0.000161706484770343,-7.6878027637256e-05,0.0997763388670141,-4.57413908583363e-05
47.1943887775551,0.000156318928818842,-7.77199237915888e-05,0.0997709586557755,-5.52985264096701e-05
47.2945891783567,0.000149958517142881,-7.76478060794117e-05,0.0997657044869448,-6.49797925169007e-05
47.3947895791583,0.000142684660783748,-7.66773376782437e-05,0.0997605230357648,-7.46824193004663e-05
47.4949899799599,0.000134444863382745,-7.46644328115942e-05,0.099755454163584,-8.42354711601003e-05
47.5951903807615,0.000125268087362747,-7.16450046069489e-05,0.0997504391312851,-9.35012334365223e-05
47.6953907815631,0.000115275696719449,-6.76216562645465e-05,0.0997454343313008,-0.000102308340121764
47.7955911823647,0.000104379320594451,-6.25400299206352e-05,0.0997404549659587,-0.000110437430753855
47.8957915831663,9.28457390005397e-05,-5.64833434893441e-05,0.0997353788631474,-0.000117686195165698
47.9959919839679,8.06564824683158e-05,-4.94549747905582e-05,0.0997302032379794,-0.000123810689079246
48.0961923847695,6.80074861924747e-05,-4.15158881087174e-05,0.0997248413056356,-0.000128536232792623
48.1963927855711,5.49818468941529e-05,-3.26971378197954e-05,0.0997192609396843,-0.000131557283681174
48.2965931863727,4.18521143299362e-05,-2.31272644061475e-05,0.0997133095382398,-0.000132576716202386
48.3967935871744,2.87664356672152e-05,-1.29519798716948e-05,0.0997069543071042,-0.000131205527325224
48.496993987976,1.59986932610178e-05,-2.23658088857603e-06,0.0997000658061577,-0.000127078590317868
48.5971943887776,3.87745230891909e-06,8.78580409668928e-06,0.0996925179650477,-0.000119762673706356
48.6973947895792,-7.22917280879306e-06,1.98613158810673e-05,0.0996841359950033,-0.000108795778569749
48.7975951903808,-1.70526353367059e-05,3.08283592905384e-05,0.0996748332817473,-9.36928595163213e-05
48.8977955911824,-2.50811514392719e-05,4.13611230908606e-05,0.099664400003624,-7.39041738725725e-05
48.997995991984,-3.08385540613612e-05,5.11137929057326e-05,0.0996526428410775,-4.88513630376895e-05
49.0981963927856,-3.37913154208919e-05,5.9702477719345e-05,0.0996393550881838,-1.79129818792934e-05
49.1983967935872,-3.33067544892992e-05,6.67356781860889e-05,0.0996243034842952,1.95927695455166e-05
49.2985971943888,-2.8732199078375e-05,7.16762865251575e-05,0.0996072152996106,6.43888485456825e-05
49.3987975951904,-1.92677050607366e-05,7.39904389163853e-05,0.099587809108265,0.000117246918313187
49.498997995992,-4.2403699498276e-06,7.31335080088186e-05,0.0995658092950468,0.000179013842574974
49.5991983967936,1.73927606902846e-05,6.83274928509198e-05,0.0995408471644176,0.000250563145945554
49.6993987975952,4.65808557699763e-05,5.88682817257297e-05,0.0995125281891239,0.000332870469534469
49.7995991983968,8.43587721845494e-05,4.39606300125794e-05,0.0994804831333688,0.000426935530181021
49.8997995991984,0.000131943019955192,2.25954036498499e-05,0.0994442615159472,0.000533859579142935
50,0.000190635991168888,-6.11296366072323e-06,0.0994033847331588,0.00065478990894568
