t,Ip,Ii,ft
0.0,36.000908,43.996815,-10.26334
1.0,37.138523,44.13993,-8.842446
2.0,39.580624,44.391827,-8.1520405
3.0,42.301926,45.16823,-8.523209
4.0,44.627964,46.600544,-9.182777
5.0,46.518963,48.539284,-9.751574
6.0,48.069344,50.792633,-10.196542
7.0,49.40822,53.141106,-10.540866
8.0,50.61235,55.467533,-10.813667
9.0,51.735504,57.70636,-11.042817
10.0,52.819454,59.83961,-11.249325
11.0,53.86359,61.861176,-11.446332
12.0,54.874966,63.807693,-11.640891
13.0,55.845253,65.688416,-11.835103
14.0,56.786057,67.53993,-12.02533
15.0,57.69294,69.366745,-12.204438
16.0,58.58103,71.2137,-12.371601
17.0,59.437866,73.07114,-12.535457
18.0,60.27029,74.965866,-12.700295
19.0,61.083527,76.88455,-12.8606415
20.0,61.871235,78.836044,-13.011568
21.0,62.636555,80.7915,-13.15346
22.0,63.375523,82.77614,-13.288965
23.0,64.10043,84.732506,-13.420107
24.0,64.798004,86.64143,-13.547565
25.0,65.47687,88.590744,-13.671001
26.0,66.12849,90.46919,-13.789593
27.0,66.75101,92.287704,-13.902407
28.0,67.34788,94.16058,-14.008638
29.0,67.90167,95.95514,-14.107708
30.0,68.43111,97.740685,-14.199289
31.0,68.93393,99.52102,-14.283302
32.0,69.40622,101.307495,-14.359869
33.0,69.84649,103.019394,-14.429274
34.0,70.26902,104.77748,-14.491888
35.0,70.650055,106.45099,-14.548084
36.0,70.99601,108.13178,-14.598143
37.0,71.316124,109.828835,-14.642113
38.0,71.589775,111.43587,-14.679707
39.0,71.82789,113.06853,-14.710215
40.0,72.03603,114.70152,-14.732595
41.0,72.192665,116.23401,-14.745752
42.0,72.332924,117.78136,-14.749016
43.0,72.43172,119.29672,-14.742567
44.0,72.50813,120.76319,-14.727459
45.0,72.53914,122.17456,-14.705112
46.0,72.53192,123.55029,-14.676594
47.0,72.48745,124.93555,-14.642185
48.0,72.39792,126.17806,-14.601412
49.0,72.27853,127.44028,-14.553425
50.0,72.122444,128.61003,-14.497379
51.0,71.93266,129.74432,-14.432642
52.0,71.70917,130.88562,-14.358891
53.0,71.43445,131.94495,-14.2761345
54.0,71.13833,132.96027,-14.1848545
55.0,70.80595,133.94447,-14.086212
56.0,70.4514,134.87175,-13.982132
57.0,70.064514,135.753,-13.874864
58.0,69.622246,136.58057,-13.765826
59.0,69.15961,137.37848,-13.654183
60.0,68.64987,138.08969,-13.536141
61.0,68.10132,138.75473,-13.406034
62.0,67.53656,139.39746,-13.259348
63.0,66.948654,139.91742,-13.09681
64.0,66.36079,140.4141,-12.92726
65.0,65.768814,140.80087,-12.764917
66.0,65.16492,141.20064,-12.618478
67.0,64.511215,141.49423,-12.4810295
68.0,63.824314,141.78012,-12.335933
69.0,63.116474,142.02957,-12.173411
70.0,62.391884,142.23128,-11.997268
71.0,61.666588,142.39606,-11.817626
72.0,60.93939,142.46793,-11.641571
73.0,60.21155,142.49088,-11.4701
74.0,59.4874,142.50237,-11.300804
75.0,58.74063,142.35098,-11.131426
76.0,58.008957,142.2264,-10.961358
77.0,57.268806,142.02675,-10.791311
78.0,56.5391,141.80948,-10.622475
79.0,55.812595,141.57108,-10.455934
80.0,55.088947,141.21803,-10.292431
81.0,54.38467,140.93407,-10.13235
82.0,53.678146,140.55936,-9.97579
83.0,52.98813,140.17448,-9.822682
84.0,52.309753,139.72446,-9.672922
85.0,51.646046,139.26239,-9.526473
86.0,50.997192,138.76288,-9.383451
87.0,50.35884,138.20648,-9.244142
88.0,49.74322,137.65176,-9.108961
89.0,49.144894,137.05133,-8.978368
90.0,48.567413,136.45628,-8.85277
91.0,48.004044,135.83307,-8.732444
92.0,47.46066,135.20099,-8.6175
93.0,46.937023,134.51782,-8.507883
94.0,46.43487,133.8729,-8.403433
95.0,45.951515,133.17554,-8.303923
96.0,45.48803,132.50577,-8.209116
97.0,45.04145,131.8264,-8.118799
98.0,44.61876,131.0978,-8.032792
99.0,44.217438,130.31937,-7.9510126
100.0,43.844406,129.59586,-7.873541
101.0,43.484673,128.82959,-7.800699
102.0,43.143852,128.11203,-7.73301
103.0,42.81726,127.369064,-7.6710014
104.0,42.51485,126.64278,-7.6148605
105.0,42.23007,125.902664,-7.564189
106.0,41.965347,125.17453,-7.5180054
107.0,41.715973,124.4603,-7.475111
108.0,41.485657,123.77675,-7.434568
109.0,41.267906,123.058205,-7.396097
110.0,41.06709,122.37363,-7.360146
111.0,40.885036,121.69339,-7.3276567
112.0,40.7181,121.00093,-7.299635
113.0,40.567493,120.30656,-7.276746
114.0,40.432705,119.64841,-7.2590046
115.0,40.310223,118.99083,-7.245766
116.0,40.20437,118.352264,-7.235898
117.0,40.114113,117.73004,-7.228182
118.0,40.03646,117.126526,-7.221732
119.0,39.967823,116.48815,-7.216357
120.0,39.911472,115.8962,-7.2126207
121.0,39.866512,115.29129,-7.211585
122.0,39.8366,114.71167,-7.2142887
123.0,39.81586,114.10092,-7.2212067
124.0,39.80967,113.497185,-7.2319913
125.0,39.81661,112.93622,-7.2455845
126.0,39.830746,112.38389,-7.260684
127.0,39.854275,111.861206,-7.276283
128.0,39.885445,111.36696,-7.2920656
129.0,39.92311,110.88748,-7.308489
130.0,39.97367,110.4504,-7.326496
131.0,40.032116,110.012375,-7.34709
132.0,40.100025,109.60459,-7.3708277
133.0,40.176224,109.21537,-7.397559
134.0,40.260826,108.86963,-7.426467
135.0,40.34784,108.52696,-7.4563775
136.0,40.439575,108.18973,-7.4862447
137.0,40.54123,107.86664,-7.5155582
138.0,40.651817,107.59403,-7.544526
139.0,40.770313,107.262924,-7.5740166
140.0,40.897522,107.01187,-7.6051664
141.0,41.02556,106.71369,-7.6389112
142.0,41.160843,106.472466,-7.675536
143.0,41.299393,106.24094,-7.7144823
144.0,41.442795,105.98483,-7.7545576
145.0,41.589294,105.76899,-7.794509
146.0,41.74266,105.5318,-7.833624
147.0,41.897114,105.28675,-7.8719826
148.0,42.05987,105.08629,-7.910272
149.0,42.22668,104.85758,-7.949366
150.0,42.39747,104.667915,-7.9900126
151.0,42.572983,104.49672,-8.032665
152.0,42.75404,104.37962,-8.077401
153.0,42.932755,104.29472,-8.123724
154.0,43.110565,104.24449,-8.170552
155.0,43.287926,104.237526,-8.216559
156.0,43.472794,104.26514,-8.260838
157.0,43.65444,104.28992,-8.303325
158.0,43.84206,104.31499,-8.344671
159.0,44.038208,104.36305,-8.38592
160.0,44.23985,104.43841,-8.428337
161.0,44.43805,104.45056,-8.473116
162.0,44.63914,104.49948,-8.520691
163.0,44.835785,104.53181,-8.5702505
164.0,45.029716,104.57381,-8.620037
165.0,45.222736,104.6225,-8.668209
166.0,45.41468,104.656906,-8.713692
167.0,45.610657,104.70369,-8.756502
168.0,45.81011,104.760956,-8.797575
169.0,46.013638,104.83607,-8.838291
170.0,46.21772,104.92355,-8.879986
171.0,46.421745,105.03027,-8.923556
172.0,46.621075,105.13986,-8.969255
173.0,46.816742,105.26627,-9.016579
174.0,47.009224,105.41237,-9.064316
175.0,47.199486,105.58913,-9.110666
176.0,47.383324,105.75417,-9.153615
177.0,47.567654,105.92763,-9.191748
178.0,47.758224,106.1528,-9.2254505
179.0,47.952248,106.37617,-9.257776
180.0,48.14866,106.60023,-9.293297
181.0,48.349113,106.83299,-9.33489
182.0,48.53874,107.08693,-9.381393
183.0,48.71812,107.34706,-9.428667
184.0,48.88209,107.56023,-9.472586
185.0,49.045395,107.815216,-9.510865
186.0,49.201393,108.0215,-9.543342
187.0,49.36766,108.294876,-9.571635
188.0,49.52646,108.5244,-9.59839
189.0,49.695877,108.75441,-9.626233
190.0,49.864544,109.015015,-9.65675
191.0,50.023983,109.24353,-9.690023
192.0,50.179317,109.47437,-9.724746
193.0,50.318474,109.695496,-9.758847
194.0,50.455563,109.90606,-9.790268
195.0,50.58813,110.13989,-9.817707
196.0,50.72016,110.377304,-9.841087
197.0,50.845875,110.62456,-9.861633
198.0,50.96963,110.896255,-9.881382
199.0,51.09007,111.15276,-9.902295
200.0,51.21225,111.44786,-9.925323
201.0,51.328583,111.72954,-9.949896
202.0,51.43538,112.00746,-9.974279
203.0,51.53608,112.2986,-9.996509
204.0,51.631508,112.59244,-10.015414
205.0,51.71885,112.866165,-10.031015
206.0,51.80288,113.14546,-10.044279
207.0,51.885735,113.40086,-10.056459
208.0,51.965393,113.68751,-10.068436
209.0,52.03711,113.95425,-10.080442
210.0,52.109962,114.23587,-10.092227
211.0,52.174698,114.50935,-10.103292
212.0,52.23267,114.78595,-10.113191
213.0,52.28508,115.03539,-10.121632
214.0,52.333054,115.29564,-10.128502
215.0,52.374672,115.55586,-10.133871
216.0,52.4132,115.79735,-10.137884
217.0,52.446507,116.02025,-10.140742
218.0,52.478077,116.24553,-10.142641
219.0,52.501125,116.43546,-10.143723
220.0,52.522614,116.64948,-10.1440525
221.0,52.534904,116.8255,-10.143602
222.0,52.54656,117.00805,-10.142268
223.0,52.55268,117.19241,-10.139932
224.0,52.552963,117.36159,-10.136486
225.0,52.552296,117.54727,-10.131922
226.0,52.542976,117.71727,-10.12634
227.0,52.53124,117.88785,-10.119913
228.0,52.518555,118.081985,-10.112801
229.0,52.499138,118.24943,-10.105072
230.0,52.478096,118.42891,-10.096655
231.0,52.447727,118.60101,-10.08738
232.0,52.420376,118.768745,-10.077141
233.0,52.383194,118.903824,-10.066015
234.0,52.34374,119.0293,-10.054306
235.0,52.309017,119.1908,-10.0422735
236.0,52.264385,119.3272,-10.029871
237.0,52.213276,119.421814,-10.016827
238.0,52.166584,119.58241,-10.003044
239.0,52.11235,119.68803,-9.988481
240.0,52.06005,119.82141,-9.972637
241.0,52.00403,119.89606,-9.95576
242.0,51.94896,119.99797,-9.940296
243.0,51.889324,120.03407,-9.927696
244.0,51.821293,120.07893,-9.91512
245.0,51.748642,120.10489,-9.899044
246.0,51.67812,120.117874,-9.879234
247.0,51.610497,120.160225,-9.857809
248.0,51.537785,120.20125,-9.836935
249.0,51.46754,120.220184,-9.817763
250.0,51.397495,120.25306,-9.8004
251.0,51.32997,120.28955,-9.784258
252.0,51.2542,120.31817,-9.768484
253.0,51.17805,120.35246,-9.752298
254.0,51.09597,120.378105,-9.735217
255.0,51.014706,120.424255,-9.717126
256.0,50.93421,120.45084,-9.698237
257.0,50.853447,120.448944,-9.678952
258.0,50.779358,120.480804,-9.659707
259.0,50.702583,120.488594,-9.640851
260.0,50.62481,120.47886,-9.622574
261.0,50.5458,120.48079,-9.60488
262.0,50.466442,120.45282,-9.587665
263.0,50.388557,120.42678,-9.570749
264.0,50.307804,120.400764,-9.553962
265.0,50.230217,120.35535,-9.537205
266.0,50.150032,120.29222,-9.520443
267.0,50.07619,120.249725,-9.503722
268.0,50.00274,120.20857,-9.48714
269.0,49.92989,120.14749,-9.470817
270.0,49.857086,120.04903,-9.454851
271.0,49.785133,119.96514,-9.43932
272.0,49.714325,119.88124,-9.42425
273.0,49.644527,119.78377,-9.409627
274.0,49.575333,119.68028,-9.395405
275.0,49.506546,119.557144,-9.381515
276.0,49.439014,119.45259,-9.367879
277.0,49.3778,119.3366,-9.354437
278.0,49.312675,119.20265,-9.341145
279.0,49.254887,119.08659,-9.327996
280.0,49.193542,118.94916,-9.315045
281.0,49.134026,118.8036,-9.30239
282.0,49.079178,118.698135,-9.290176
283.0,49.02538,118.604996,-9.27858
284.0,48.971188,118.505066,-9.267752
285.0,48.917625,118.42635,-9.257782
286.0,48.86557,118.35814,-9.248643
287.0,48.82051,118.3476,-9.240173
288.0,48.77306,118.37224,-9.23212
289.0,48.726967,118.43356,-9.224235
290.0,48.68775,118.54712,-9.216426
291.0,48.646564,118.7213,-9.208927
292.0,48.6063,118.96144,-9.202351
293.0,48.57711,119.26733,-9.197579
294.0,48.54176,119.62039,-9.195253
295.0,48.50483,120.0397,-9.194802
296.0,48.45807,120.51027,-9.1928835
297.0,48.414764,120.99152,-9.181609
298.0,48.367386,121.47317,-9.148361
299.0,48.38227,121.90254,-9.082868
300.0,48.37137,122.12934,-9.006467
301.0,49.11995,122.348175,-9.044571
302.0,51.449898,122.45801,-9.473495
303.0,54.81416,122.453156,-10.463282
304.0,59.157207,122.640114,-11.781361
305.0,64.56298,122.98853,-13.150483
306.0,71.37225,123.51663,-14.568637
307.0,79.61274,124.34501,-16.258453
308.0,89.09625,125.57038,-18.44161
309.0,99.61236,127.53558,-21.060795
310.0,111.21384,130.34076,-23.85656
311.0,123.894394,134.05386,-26.622025
312.0,138.19733,138.53172,-29.430338
313.0,153.53384,143.77563,-32.90043
314.0,169.93544,150.15851,-37.010674
315.0,186.31374,157.69485,-40.995815
316.0,203.66313,166.20105,-44.68981
317.0,221.77011,175.6849,-48.399666
318.0,240.09918,186.16553,-52.512882
319.0,258.21588,197.46393,-56.820827
320.0,275.6592,209.75412,-60.873642
321.0,292.3824,222.8016,-64.513275
322.0,308.2842,236.63719,-67.798325
323.0,323.19675,251.10925,-70.842316
324.0,336.60574,266.15765,-73.63622
325.0,348.1471,281.39664,-76.05013
326.0,357.54514,296.78802,-77.97588
327.0,364.6015,312.35007,-79.36116
328.0,369.00385,327.71182,-80.173706
329.0,370.61993,342.79205,-80.37847
330.0,369.43744,357.5629,-79.93571
331.0,365.44254,371.72253,-78.815765
332.0,358.9428,385.22427,-77.025
333.0,350.32632,397.79282,-74.62767
334.0,339.88684,409.34943,-71.75398
335.0,328.082,419.8313,-68.59968
336.0,315.03586,429.16925,-65.36309
337.0,301.07465,437.4066,-62.109818
338.0,286.2981,444.53735,-58.789143
339.0,271.05103,450.53943,-55.367245
340.0,255.95654,455.48193,-51.857212
341.0,241.14857,459.3619,-48.29472
342.0,226.59831,462.1151,-44.735752
343.0,213.04184,463.81158,-41.279255
344.0,200.22101,464.53116,-38.076397
345.0,188.24431,464.40564,-35.24686
346.0,176.957,463.51602,-32.746708
347.0,166.15395,461.97626,-30.41527
348.0,156.10242,459.60504,-28.148376
349.0,146.78987,456.62885,-25.969185
350.0,138.35089,453.0436,-23.972023
351.0,130.61682,449.12494,-22.215948
352.0,123.4993,444.8585,-20.6721
353.0,116.88017,440.35916,-19.272259
354.0,110.815445,435.74835,-17.973362
355.0,105.237175,430.9586,-16.768229
356.0,100.15352,425.95053,-15.663441
357.0,95.512985,420.64603,-14.661616
358.0,91.29866,415.3013,-13.757932
359.0,87.42296,409.66525,-12.943936
360.0,83.88577,403.86194,-12.211116
361.0,80.60922,397.95547,-11.5519085
362.0,77.574234,391.98907,-10.959084
363.0,74.81807,385.97095,-10.425243
364.0,72.286766,379.9229,-9.942922
365.0,69.930664,373.88297,-9.505116
366.0,67.75426,367.88135,-9.106
367.0,65.73397,361.95642,-8.741138
368.0,63.84899,356.0792,-8.407367
369.0,62.092773,350.22394,-8.102447
370.0,60.4603,344.47482,-7.8245096
371.0,58.9362,338.7956,-7.571783
372.0,57.519394,333.1675,-7.342248
373.0,56.191208,327.66348,-7.1336517
374.0,54.934162,322.13995,-6.9434967
375.0,53.751907,316.77213,-6.769346
376.0,52.642223,311.4519,-6.6090164
377.0,51.59811,306.19,-6.4608917
378.0,50.61715,301.05215,-6.3239937
379.0,49.687572,295.94327,-6.1977825
380.0,48.81118,291.0187,-6.0819426
381.0,47.97402,286.14163,-5.9760723
382.0,47.18553,281.3526,-5.879614
383.0,46.437977,276.60547,-5.791848
384.0,45.730392,272.01624,-5.711953
385.0,45.059456,267.47113,-5.639098
386.0,44.421185,263.0658,-5.572527
387.0,43.814373,258.6739,-5.5115805
388.0,43.23366,254.33203,-5.4557247
389.0,42.682957,250.14699,-5.4045563
390.0,42.1593,246.02509,-5.3577776
391.0,41.661407,241.92024,-5.315199
392.0,41.186962,237.8917,-5.27672
393.0,40.738087,233.99524,-5.2423124
394.0,40.31314,230.11981,-5.2119865
395.0,39.90883,226.33768,-5.185814
396.0,39.527813,222.59624,-5.1638823
397.0,39.170464,218.95824,-5.1463118
398.0,38.83871,215.38422,-5.1332607
399.0,38.532433,211.92554,-5.1249332
400.0,38.253235,208.52963,-5.1216
401.0,38.002655,205.19492,-5.123645
402.0,37.789097,202.00536,-5.1315775
403.0,37.606747,198.86078,-5.146078
404.0,37.461437,195.8206,-5.1679945
405.0,37.36219,192.85576,-5.198333
406.0,37.305202,189.98288,-5.238229
407.0,37.304737,187.19092,-5.2888765
408.0,37.358574,184.49684,-5.3514633
409.0,37.476715,181.88878,-5.427086
410.0,37.659634,179.3563,-5.5167294
411.0,37.90947,176.88309,-5.621215
412.0,38.233883,174.50218,-5.741214
413.0,38.63239,172.21265,-5.877288
414.0,39.112896,169.98837,-6.029871
415.0,39.669155,167.86328,-6.199356
416.0,40.307518,165.81969,-6.3860397
417.0,41.031075,163.87454,-6.590205
418.0,41.836815,162.00772,-6.8120346
419.0,42.7299,160.25308,-7.051708
420.0,43.711353,158.57874,-7.3092823
421.0,44.77469,157.031,-7.5847836
422.0,45.9196,155.605,-7.8781347
423.0,47.15551,154.2687,-8.189187
424.0,48.465553,153.07053,-8.517662
425.0,49.870728,152.00595,-8.863261
426.0,51.346416,151.04015,-9.225587
427.0,52.90404,150.19962,-9.604293
428.0,54.54861,149.52261,-9.999016
429.0,56.27739,149.00276,-10.409545
430.0,58.068974,148.6316,-10.83555
431.0,59.927563,148.3789,-11.276827
432.0,61.86777,148.29333,-11.73288
433.0,63.87693,148.3689,-12.203
434.0,65.9272,148.60233,-12.68591
435.0,68.04599,148.98592,-13.179771
436.0,70.20691,149.53102,-13.68203
437.0,72.42836,150.18158,-14.189783
438.0,74.690186,150.92328,-14.700926
439.0,76.99608,151.74384,-15.215251
440.0,79.337494,152.61186,-15.735498
441.0,81.716934,153.55104,-16.26524
442.0,84.084755,154.57016,-16.805508
443.0,86.482025,155.72017,-17.352238
444.0,88.83795,156.9768,-17.897396
445.0,91.164856,158.42625,-18.431608
446.0,93.445816,160.06635,-18.946335
447.0,95.715355,161.91191,-19.43541
448.0,97.98319,163.93622,-19.899265
449.0,100.23108,166.11304,-20.350056
450.0,102.43495,168.40712,-20.806465
451.0,104.56478,170.79956,-21.274895
452.0,106.592415,173.2031,-21.739515
453.0,108.48056,175.63068,-22.174171
454.0,110.199615,177.98175,-22.560163
455.0,111.81126,180.36807,-22.893158
456.0,113.294754,182.66476,-23.180275
457.0,114.64058,184.89932,-23.43203
458.0,115.869354,187.17029,-23.655432
459.0,116.938255,189.46545,-23.8508
460.0,117.81684,191.774,-24.012882
461.0,118.49931,194.09366,-24.134129
462.0,118.99397,196.47345,-24.207891
463.0,119.26713,198.84415,-24.230293
464.0,119.30999,201.16718,-24.200401
465.0,119.147736,203.4653,-24.1193
466.0,118.78342,205.72798,-23.988647
467.0,118.18304,207.81053,-23.80952
468.0,117.36482,209.80368,-23.58207
469.0,116.329254,211.67365,-23.305813
470.0,115.04386,213.32925,-22.980587
471.0,113.58097,214.88959,-22.607422
472.0,111.913574,216.24162,-22.1894
473.0,110.07092,217.5123,-21.73154
474.0,108.053085,218.56042,-21.240002
475.0,105.902466,219.53082,-20.720146
476.0,103.602066,220.35278,-20.175003
477.0,101.17531,221.00316,-19.604847
478.0,98.67279,221.48686,-19.009687
479.0,96.108284,221.75024,-18.39332
480.0,93.51131,221.77249,-17.766863
481.0,90.91879,221.6254,-17.145954
482.0,88.27673,221.26138,-16.542744
483.0,85.64917,220.75742,-15.959116
484.0,83.021225,220.11807,-15.388301
485.0,80.392685,219.38449,-14.819667
486.0,77.81401,218.55925,-14.242747
487.0,75.29675,217.5896,-13.654907
488.0,72.886475,216.49265,-13.073509
489.0,70.58362,215.2691,-12.530296
490.0,68.36903,213.89236,-12.039337
491.0,66.20802,212.39456,-11.583212
492.0,64.09984,210.74782,-11.138487
493.0,62.066177,208.98734,-10.699078
494.0,60.1351,207.12634,-10.273695
495.0,58.293636,205.19131,-9.872327
496.0,56.53064,203.23322,-9.497131
497.0,54.841434,201.18314,-9.143462
498.0,53.239307,199.11316,-8.806428
499.0,51.712345,197.06152,-8.485533
500.0,50.267048,194.95596,-8.183408
501.0,48.89708,192.7965,-7.902004
502.0,47.595047,190.66339,-7.640361
503.0,46.357544,188.46915,-7.3956203
504.0,45.187088,186.27284,-7.1650534
505.0,44.07518,184.0252,-6.947461
506.0,43.02786,181.83246,-6.7429037
507.0,42.044777,179.58975,-6.5520487
508.0,41.116905,177.33084,-6.3753242
509.0,40.252815,175.10663,-6.2127
510.0,39.442535,172.85236,-6.0636606
511.0,38.688736,170.62259,-5.927514
512.0,37.987675,168.39163,-5.803604
513.0,37.333145,166.1728,-5.6914806
514.0,36.726624,163.94754,-5.5908785
515.0,36.17042,161.7507,-5.501648
516.0,35.672844,159.55905,-5.4236765
517.0,35.21833,157.39249,-5.3567677
518.0,34.810486,155.2411,-5.3006783
519.0,34.44985,153.13702,-5.255083
520.0,34.136135,151.04433,-5.219675
521.0,33.867798,149.03381,-5.194154
522.0,33.64699,147.0708,-5.17826
523.0,33.472305,145.17883,-5.1717567
524.0,33.34467,143.36029,-5.1744537
525.0,33.25726,141.57336,-5.186201
526.0,33.214226,139.86096,-5.2069263
527.0,33.209576,138.21336,-5.236594
528.0,33.246975,136.59985,-5.2751656
529.0,33.325294,135.02863,-5.3225718
530.0,33.44637,133.5091,-5.3786325
531.0,33.602253,132.04602,-5.4430637
532.0,33.794342,130.58592,-5.515462
533.0,34.022705,129.2171,-5.59536
534.0,34.28494,127.8721,-5.6822233
535.0,34.578735,126.57816,-5.7756004
536.0,34.90574,125.345535,-5.875107
537.0,35.263332,124.14911,-5.9805374
538.0,35.65776,123.030045,-6.0917463
539.0,36.07997,121.93529,-6.2087936
540.0,36.531548,120.91672,-6.331669
541.0,37.010574,119.981445,-6.46035
542.0,37.517982,119.091965,-6.5947237
543.0,38.048527,118.24118,-6.7344904
544.0,38.603104,117.484406,-6.879286
545.0,39.18805,116.772766,-7.0286446
546.0,39.79616,116.123924,-7.1821947
547.0,40.42237,115.52923,-7.339558
548.0,41.076614,114.993484,-7.500495
549.0,41.745438,114.47949,-7.6646233
550.0,42.443092,114.036835,-7.831503
551.0,43.1618,113.633896,-8.001334
552.0,43.89938,113.275635,-8.176481
553.0,44.6547,112.97668,-8.360633
554.0,45.420044,112.73866,-8.553156
555.0,46.190887,112.56392,-8.7457905
556.0,46.97459,112.499825,-8.931425
557.0,47.783287,112.48847,-9.112462
558.0,48.61787,112.56121,-9.296436
559.0,49.46746,112.69499,-9.4878645
560.0,50.323578,112.91646,-9.686155
561.0,51.188385,113.19917,-9.887865
562.0,52.056934,113.543686,-10.08953
563.0,52.937935,113.91687,-10.289302
564.0,53.82396,114.31679,-10.487356
565.0,54.717796,114.73885,-10.685152
566.0,55.614983,115.17613,-10.883984
567.0,56.514626,115.638504,-11.083949
568.0,57.408722,116.12181,-11.284043
569.0,58.30909,116.661285,-11.483112
570.0,59.21074,117.24249,-11.680453
571.0,60.097767,117.86258,-11.875882
572.0,60.983,118.531296,-12.0693865
573.0,61.863758,119.26939,-12.260864
574.0,62.736202,120.04553,-12.449994
575.0,63.59453,120.84952,-12.636335
576.0,64.449356,121.70974,-12.819355
577.0,65.27895,122.60776,-12.998556
578.0,66.09912,123.52017,-13.173459
579.0,66.9026,124.49501,-13.343694
580.0,67.68102,125.47365,-13.508867
581.0,68.452484,126.49892,-13.668687
582.0,69.1933,127.538506,-13.822834
583.0,69.91211,128.5912,-13.971008
584.0,70.59224,129.647,-14.112888
585.0,71.24981,130.71667,-14.248145
586.0,71.88125,131.82645,-14.376419
587.0,72.47417,132.89017,-14.497341
588.0,73.04061,133.979,-14.610528
589.0,73.57609,135.0808,-14.7156
590.0,74.080215,136.19826,-14.81217
591.0,74.55296,137.29724,-14.899889
592.0,74.97238,138.3648,-14.978451
593.0,75.35285,139.45119,-15.047603
594.0,75.699196,140.51231,-15.1071615
595.0,75.99002,141.53784,-15.157013
596.0,76.243385,142.58362,-15.197114
597.0,76.460144,143.62537,-15.227462
598.0,76.62925,144.63934,-15.248085
599.0,76.76129,145.6647,-15.258985
600.0,76.82915,146.63396,-15.260115
601.0,76.865265,147.59485,-15.251341
602.0,76.851456,148.56473,-15.232432
603.0,76.78897,149.5055,-15.20308
604.0,76.681694,150.45987,-15.16295
605.0,76.52283,151.37695,-15.111813
606.0,76.315735,152.26016,-15.049594
607.0,76.05968,153.09721,-14.976511
608.0,75.77089,153.91623,-14.893064
609.0,75.43524,154.64365,-14.799987
610.0,75.06253,155.34288,-14.69808
611.0,74.63764,155.95522,-14.588126
612.0,74.175385,156.48383,-14.470699
613.0,73.676,156.92647,-14.345969
614.0,73.14201,157.33014,-14.213615
615.0,72.57466,157.68422,-14.073237
616.0,71.974594,158.00974,-13.925455
617.0,71.33064,158.2901,-13.772073
618.0,70.67743,158.56265,-13.613854
619.0,69.978165,158.75128,-13.4485445
620.0,69.273575,158.90881,-13.273891
621.0,68.53828,158.94247,-13.092941
622.0,67.79913,158.9972,-12.91389
623.0,67.04318,159.02805,-12.7437
624.0,66.24402,158.98132,-12.581389
625.0,65.43607,158.9696,-12.416735
626.0,64.60161,158.8606,-12.23581
627.0,63.771694,158.65851,-12.031366
628.0,62.95173,158.43655,-11.811205
629.0,62.15,158.0574,-11.595779
630.0,61.3834,157.6239,-11.40486
631.0,60.61982,157.12372,-11.242711
632.0,59.82709,156.5339,-11.09454
633.0,59.021248,155.92422,-10.936436
634.0,58.199787,155.29013,-10.755257
635.0,57.4338,154.67596,-10.56236
636.0,56.692394,154.07944,-10.382876
637.0,55.97587,153.54907,-10.2310505
638.0,55.252533,153.10399,-10.098359
639.0,54.521744,152.74545,-9.963543
640.0,53.789356,152.42311,-9.812629
641.0,53.09467,152.20103,-9.649567
642.0,52.451927,152.06546,-9.490925
643.0,51.837452,151.93298,-9.354308
644.0,51.23275,151.78412,-9.248252
645.0,50.634552,151.56049,-9.162792
646.0,50.00454,151.18579,-9.064451
647.0,49.390556,150.55612,-8.912316
648.0,48.871815,149.67194,-8.702076
649.0,48.432446,148.58235,-8.497132
650.0,48.057796,147.28705,-8.395771
651.0,48.10738,145.88701,-8.464169
652.0,48.787064,144.52847,-8.709681
653.0,50.19651,143.26547,-9.105685
654.0,52.22838,142.14914,-9.622862
655.0,54.717564,141.23157,-10.2423525
656.0,57.702164,140.58112,-10.956313
657.0,61.235832,140.18962,-11.764389
658.0,65.22876,140.12337,-12.670071
659.0,69.67569,140.42192,-13.676994
660.0,74.5084,141.10333,-14.786827
661.0,79.75296,142.1684,-15.997342
662.0,85.449135,143.6676,-17.30233
663.0,91.432526,145.54306,-18.691586
664.0,97.81381,147.87726,-20.153236
665.0,104.50246,150.60461,-21.675285
666.0,111.45526,153.69406,-23.248367
667.0,118.68085,157.1758,-24.866394
668.0,126.220085,161.02959,-26.526497
669.0,133.96382,165.24326,-28.227306
670.0,141.85353,169.78796,-29.964962
671.0,149.80367,174.69733,-31.7302
672.0,157.76176,179.9422,-33.505447
673.0,165.58055,185.5597,-35.26558
674.0,173.19838,191.47754,-36.97986
675.0,180.58151,197.75253,-38.616936
676.0,187.60184,204.34569,-40.147255
677.0,194.20055,211.21664,-41.54715
678.0,200.31773,218.31674,-42.80027
679.0,205.8685,225.64587,-43.89884
680.0,210.72311,233.11392,-44.84223
681.0,214.80911,240.71075,-45.632923
682.0,218.0189,248.39816,-46.267067
683.0,220.15515,255.94678,-46.72268
684.0,221.21356,263.37766,-46.952637
685.0,221.15926,270.5485,-46.89678
686.0,220.02802,277.43,-46.518784
687.0,217.94635,284.02884,-45.83999
688.0,215.0026,290.38412,-44.927944
689.0,211.21416,296.26312,-43.851933
690.0,206.68109,301.83374,-42.655216
691.0,201.44092,306.89127,-41.355377
692.0,195.53357,311.47992,-39.95611
693.0,189.11995,315.52042,-38.457397
694.0,182.35477,318.9978,-36.863995
695.0,175.3754,321.91077,-35.1938
696.0,168.33635,324.3265,-33.481113
697.0,161.2867,326.2166,-31.773315
698.0,154.36319,327.63507,-30.117058
699.0,147.51071,328.5513,-28.539846
700.0,140.98256,328.97995,-27.037853
701.0,134.63591,328.99506,-25.585535
702.0,128.3515,328.44598,-24.156485
703.0,122.45376,327.45145,-22.746609
704.0,116.86203,326.03137,-21.38789
705.0,111.745224,324.29034,-20.138023
706.0,106.93532,322.24402,-19.032137
707.0,102.241684,319.97784,-18.045696
708.0,97.7572,317.61838,-17.123884
709.0,93.54454,315.07043,-16.230316
710.0,89.602615,312.39374,-15.357913
711.0,85.861595,309.49017,-14.51762
712.0,82.41644,306.49472,-13.726347
713.0,79.25107,303.26825,-12.999906
714.0,76.330605,299.93518,-12.34682
715.0,73.6223,296.5354,-11.764833
716.0,71.07002,293.0643,-11.241728
717.0,68.650795,289.54565,-10.761687
718.0,66.36275,285.99084,-10.311962
719.0,64.21118,282.41498,-9.885977
720.0,62.18864,278.7492,-9.482676
721.0,60.300945,275.11243,-9.103636
722.0,58.531982,271.36462,-8.750771
723.0,56.87772,267.62537,-8.424729
724.0,55.33965,263.8739,-8.124729
725.0,53.883453,260.06232,-7.8487906
726.0,52.516907,256.26306,-7.5944414
727.0,51.217445,252.51874,-7.3591304
728.0,49.98238,248.78238,-7.140645
729.0,48.810143,245.07205,-6.9370832
730.0,47.71376,241.42578,-6.746951
731.0,46.671764,237.82431,-6.5689855
732.0,45.684853,234.24301,-6.402231
733.0,44.736084,230.70404,-6.245968
734.0,43.843464,227.24582,-6.0997276
735.0,42.997375,223.84268,-5.9631233
736.0,42.197113,220.45352,-5.8358383
737.0,41.43667,217.14558,-5.717451
738.0,40.707798,213.83815,-5.607436
739.0,40.00744,210.57047,-5.5052032
740.0,39.33321,207.34935,-5.410204
741.0,38.69624,204.17685,-5.321973
742.0,38.10204,201.02118,-5.240242
743.0,37.542137,197.9385,-5.164958
744.0,37.01777,194.86731,-5.096266
745.0,36.52363,191.85555,-5.034479
746.0,36.068672,188.90616,-4.979989
747.0,35.6412,185.95946,-4.9331923
748.0,35.249245,183.10202,-4.8944798
749.0,34.899136,180.26678,-4.8641977
750.0,34.588394,177.50677,-4.8426247
751.0,34.324406,174.79901,-4.8300486
752.0,34.101376,172.17624,-4.826768
753.0,33.92961,169.59293,-4.833128
754.0,33.80616,167.11972,-4.8495483
755.0,33.73568,164.70755,-4.8765535
756.0,33.716957,162.37492,-4.9147177
757.0,33.751858,160.12228,-4.9646626
758.0,33.84941,157.9545,-5.027005
759.0,34.006584,155.83354,-5.102289
760.0,34.225677,153.81473,-5.1909227
761.0,34.504,151.86371,-5.2930975
762.0,34.84435,149.99637,-5.4087744
763.0,35.24491,148.19345,-5.5376263
764.0,35.70524,146.46149,-5.679119
765.0,36.223404,144.80206,-5.8325577
766.0,36.797012,143.23836,-5.997323
767.0,37.435123,141.7226,-6.1730175
768.0,38.13547,140.26715,-6.3597403
769.0,38.89982,138.89716,-6.55816
770.0,39.730976,137.58368,-6.769455
771.0,40.615,136.3591,-6.994995
772.0,41.550888,135.18233,-7.2355576
773.0,42.532932,134.06248,-7.490551
774.0,43.573376,133.06105,-7.7573957
775.0,44.661915,132.12885,-8.032212
776.0,45.801575,131.30617,-8.311858
777.0,46.992954,130.58679,-8.596394
778.0,48.233234,129.98244,-8.889277
779.0,49.546906,129.53442,-9.195121
780.0,50.91205,129.21764,-9.516632
781.0,52.3097,129.02303,-9.853264
782.0,53.73829,128.95422,-10.201653
783.0,55.219116,129.05801,-10.557362
784.0,56.736565,129.21793,-10.916477
785.0,58.301544,129.51236,-11.276979
786.0,59.89388,129.89946,-11.638965
787.0,61.503155,130.34538,-12.0042
788.0,63.1618,130.9071,-12.374797
789.0,64.84442,131.53517,-12.752195
790.0,66.570595,132.23251,-13.136434
791.0,68.30343,133.03629,-13.526359
792.0,70.05403,133.91997,-13.91992
793.0,71.794174,134.83734,-14.314852
794.0,73.54311,135.87325,-14.708939
795.0,75.29325,137.01086,-15.100313
796.0,77.04335,138.18715,-15.487556
797.0,78.78713,139.46782,-15.869575
798.0,80.51837,140.81186,-16.245594
799.0,82.21955,142.21867,-16.614912
800.0,83.89055,143.6813,-16.976898
801.0,85.54143,145.25746,-17.330734
802.0,87.15499,146.8867,-17.67537
803.0,88.71954,148.5856,-18.009594
804.0,90.23801,150.35422,-18.331903
805.0,91.68968,152.13828,-18.640564
806.0,93.090836,154.02026,-18.933796
807.0,94.41594,155.94168,-19.20984
808.0,95.66243,157.88483,-19.466934
809.0,96.82286,159.85474,-19.703485
810.0,97.88492,161.83583,-19.91808
811.0,98.8716,163.87321,-20.10955
812.0,99.76002,165.90707,-20.276823
813.0,100.52605,167.89319,-20.419048
814.0,101.182205,169.87332,-20.53542
815.0,101.72172,171.81459,-20.625225
816.0,102.12807,173.70816,-20.687675
817.0,102.42286,175.55443,-20.721897
818.0,102.58511,177.34409,-20.726955
819.0,102.613556,179.08115,-20.702024
820.0,102.506805,180.75308,-20.646446
821.0,102.27524,182.39359,-20.55998
822.0,101.90309,184.00201,-20.442642
823.0,101.38242,185.54105,-20.294731
824.0,100.71661,187.02133,-20.116455
825.0,99.92496,188.47089,-19.907997
826.0,98.997925,189.8428,-19.669662
827.0,97.93403,191.1002,-19.402107
828.0,96.75767,192.28346,-19.106392
829.0,95.46561,193.35413,-18.78429
830.0,94.05645,194.25897,-18.43829
831.0,92.5529,195.03429,-18.071238
832.0,90.952896,195.65588,-17.685995
833.0,89.26297,196.12288,-17.285378
834.0,87.50183,196.45316,-16.871658
835.0,85.690186,196.65265,-16.44664
836.0,83.82572,196.73247,-16.011774
837.0,81.92446,196.68964,-15.568922
838.0,80.00008,196.51044,-15.120372
839.0,78.05884,196.24576,-14.669208
840.0,76.11201,195.84119,-14.218667
841.0,74.1671,195.35735,-13.772026
842.0,72.23342,194.73407,-13.331873
843.0,70.331215,194.03825,-12.900063
844.0,68.45598,193.2544,-12.477632
845.0,66.61452,192.32928,-12.065257
846.0,64.81356,191.31755,-11.663506
847.0,63.05773,190.22571,-11.2730255
848.0,61.343044,189.00745,-10.894714
849.0,59.68673,187.73499,-10.529457
850.0,58.086254,186.34381,-10.178237
851.0,56.538864,184.89265,-9.841822
852.0,55.05839,183.39774,-9.52072
853.0,53.63049,181.81708,-9.215025
854.0,52.261883,180.19514,-8.924631
855.0,50.942635,178.50342,-8.649186
856.0,49.699158,176.82434,-8.388277
857.0,48.50912,175.08902,-8.141456
858.0,47.381435,173.35876,-7.9084115
859.0,46.307095,171.62784,-7.6888742
860.0,45.27858,169.91667,-7.482589
861.0,44.316708,168.19748,-7.289193
862.0,43.398617,166.47678,-7.108349
863.0,42.54825,164.7796,-6.939762
864.0,41.749134,163.05939,-6.7833166
865.0,41.007538,161.34543,-6.6391063
866.0,40.310123,159.59164,-6.507457
867.0,39.666393,157.84705,-6.3886356
868.0,39.062447,156.0744,-6.2824717
869.0,38.507877,154.30573,-6.187928
870.0,38.001774,152.54192,-6.103239
871.0,37.540092,150.80148,-6.026722
872.0,37.127502,149.04239,-5.9582014
873.0,36.75544,147.32156,-5.8993607
874.0,36.42847,145.59044,-5.851985
875.0,36.143726,143.87387,-5.815876
876.0,35.896637,142.1941,-5.789119
877.0,35.691696,140.51161,-5.770174
878.0,35.525635,138.8778,-5.758978
879.0,35.39704,137.28156,-5.756262
880.0,35.30417,135.72601,-5.762388
881.0,35.25196,134.21643,-5.7769423
882.0,35.23087,132.77643,-5.799056
883.0,35.24295,131.3615,-5.8278875
884.0,35.287354,130.0204,-5.8629065
885.0,35.36321,128.70593,-5.90392
886.0,35.464096,127.47196,-5.950941
887.0,35.5998,126.27879,-6.004013
888.0,35.762375,125.12825,-6.0631084
889.0,35.954918,124.00854,-6.1280575
890.0,36.172985,122.97807,-6.198592
891.0,36.416504,121.97008,-6.274336
892.0,36.68423,121.021355,-6.3548994
893.0,36.97432,120.0936,-6.4399223
894.0,37.284897,119.21252,-6.5291224
895.0,37.61625,118.37424,-6.622276
896.0,37.966843,117.57483,-6.7192335
897.0,38.339565,116.81522,-6.8199005
898.0,38.730907,116.10277,-6.9241858
899.0,39.147167,115.41399,-7.032035
900.0,39.57851,114.78677,-7.143344
901.0,40.026657,114.20299,-7.2579846
902.0,40.491425,113.6505,-7.375781
903.0,40.967735,113.16094,-7.496558
904.0,41.458305,112.70543,-7.620083
905.0,41.96179,112.30217,-7.7461185
906.0,42.481655,111.96599,-7.8744183
907.0,43.011112,111.627365,-8.004783
908.0,43.55961,111.38183,-8.136997
909.0,44.115547,111.15784,-8.2709055
910.0,44.685966,111.002014,-8.406368
911.0,45.265347,110.88056,-8.543329
912.0,45.849945,110.79111,-8.681719
913.0,46.446148,110.75494,-8.821498
914.0,47.04959,110.78734,-8.962615
915.0,47.663113,110.81869,-9.105015
916.0,48.27787,110.92926,-9.248541
917.0,48.906513,111.063675,-9.392953
918.0,49.531864,111.2323,-9.537874
919.0,50.16257,111.4319,-9.682839
920.0,50.79803,111.67814,-9.827243
921.0,51.43523,111.94094,-9.970502
922.0,52.066032,112.26031,-10.112236
923.0,52.705025,112.61594,-10.252531
924.0,53.35038,112.980064,-10.392269
925.0,53.990818,113.355484,-10.532976
926.0,54.627556,113.75801,-10.675955
927.0,55.26622,114.14482,-10.8204155
928.0,55.896515,114.57834,-10.9625025
929.0,56.519855,115.0035,-11.097879
930.0,57.131054,115.46328,-11.226861
931.0,57.747643,115.969055,-11.354805
932.0,58.36366,116.53314,-11.486543
933.0,58.96538,117.13344,-11.62201
934.0,59.547043,117.76459,-11.75725
935.0,60.10728,118.44571,-11.887653
936.0,60.649815,119.135605,-12.010275
937.0,61.20037,119.86917,-12.12447
938.0,61.748,120.61022,-12.2314
939.0,62.27598,121.366806,-12.333178
940.0,62.78486,122.139206,-12.431952
941.0,63.28513,122.91086,-12.529169
942.0,63.771484,123.69802,-12.625232
943.0,64.23535,124.48647,-12.719411
944.0,64.6501,125.28004,-12.810274
945.0,65.04411,126.08234,-12.896011
946.0,65.42617,126.87196,-12.9752865
947.0,65.79557,127.67474,-13.047421
948.0,66.14934,128.47426,-13.112683
949.0,66.47339,129.27155,-13.171751
950.0,66.778366,130.05403,-13.225342
951.0,67.0635,130.82625,-13.273853
952.0,67.3098,131.59299,-13.317205
953.0,67.533615,132.32945,-13.355064
954.0,67.7371,133.05394,-13.387005
955.0,67.90992,133.77054,-13.413011
956.0,68.05904,134.46272,-13.433128
957.0,68.18697,135.15399,-13.447575
958.0,68.277435,135.8403,-13.4564
959.0,68.33547,136.52934,-13.459406
960.0,68.38037,137.21951,-13.456217
961.0,68.38632,137.9107,-13.4465065
962.0,68.367065,138.60286,-13.43023
963.0,68.32443,139.28821,-13.407565
964.0,68.25366,139.95874,-13.378939
965.0,68.16658,140.62543,-13.344744
966.0,68.04441,141.24843,-13.30528
967.0,67.900024,141.85822,-13.260659
968.0,67.72945,142.4392,-13.210872
969.0,67.5245,142.96886,-13.155839
970.0,67.29726,143.46042,-13.095551
971.0,67.05121,143.92415,-13.03008
972.0,66.784615,144.3403,-12.959635
973.0,66.48956,144.69522,-12.8844795
974.0,66.18263,145.04642,-12.804953
975.0,65.84607,145.34048,-12.721378
976.0,65.49111,145.59296,-12.634058
977.0,65.11701,145.79767,-12.543262
978.0,64.72977,145.9884,-12.449186
979.0,64.332664,146.13982,-12.352045
980.0,63.915634,146.2497,-12.252032
981.0,63.488285,146.32312,-12.149378
982.0,63.04942,146.38011,-12.044294
983.0,62.596848,146.40286,-11.937069
984.0,62.129818,146.38864,-11.828018
985.0,61.659157,146.34615,-11.717493
986.0,61.18014,146.29483,-11.605855
987.0,60.69569,146.2073,-11.493546
988.0,60.200554,146.08908,-11.380984
989.0,59.707916,145.9574,-11.268597
990.0,59.21692,145.81628,-11.156653
991.0,58.727333,145.67213,-11.04536
992.0,58.231255,145.49252,-10.934736
993.0,57.732307,145.28714,-10.824739
994.0,57.243324,145.07933,-10.715357
995.0,56.759476,144.84363,-10.606691
996.0,56.273293,144.5607,-10.499039
997.0,55.79776,144.29501,-10.392792
998.0,55.326042,143.96829,-10.288412
999.0,54.860695,143.6213,-10.186299
1000.0,54.40431,143.24858,-10.086726
1001.0,53.96172,142.86531,-9.989887
1002.0,53.525192,142.43912,-9.895885
1003.0,53.0985,141.97794,-9.80476
1004.0,52.67828,141.50165,-9.716556
1005.0,52.273834,141.01257,-9.631348
1006.0,51.88124,140.50479,-9.54908
1007.0,51.498436,139.98012,-9.469585
1008.0,51.132835,139.44214,-9.392733
1009.0,50.774963,138.87602,-9.318543
1010.0,50.432083,138.33536,-9.247292
1011.0,50.101707,137.73718,-9.179413
1012.0,49.78671,137.1583,-9.115339
1013.0,49.4828,136.57123,-9.055174
1014.0,49.193787,135.99022,-8.998757
1015.0,48.917248,135.40582,-8.945692
1016.0,48.653706,134.84528,-8.895613
1017.0,48.40451,134.27838,-8.848249
1018.0,48.171444,133.72415,-8.803509
1019.0,47.94902,133.16638,-8.761466
1020.0,47.742687,132.6203,-8.722282
1021.0,47.5483,132.08923,-8.686174
1022.0,47.36776,131.55716,-8.653309
1023.0,47.199047,131.0267,-8.623786
1024.0,47.044586,130.5315,-8.59762
1025.0,46.902054,129.9859,-8.574729
1026.0,46.77278,129.47702,-8.554955
1027.0,46.653793,128.96048,-8.538085
1028.0,46.54898,128.45468,-8.523889
1029.0,46.45435,127.94868,-8.512135
1030.0,46.370068,127.42969,-8.502626
1031.0,46.296345,126.936516,-8.495203
1032.0,46.235905,126.44421,-8.489758
1033.0,46.185757,125.9448,-8.486238
1034.0,46.14675,125.463326,-8.484634
1035.0,46.1183,124.98351,-8.484984
1036.0,46.09944,124.51267,-8.487338
1037.0,46.09101,124.06104,-8.491763
1038.0,46.089,123.5954,-8.498311
1039.0,46.097767,123.16524,-8.507017
1040.0,46.112606,122.74213,-8.517884
1041.0,46.137398,122.33626,-8.530872
1042.0,46.16872,121.94798,-8.545891
1043.0,46.209347,121.567665,-8.562804
1044.0,46.257843,121.195724,-8.581453
1045.0,46.314148,120.83946,-8.601627
1046.0,46.377495,120.49703,-8.623111
1047.0,46.44946,120.19089,-8.6456785
1048.0,46.52391,119.89877,-8.669124
1049.0,46.60314,119.62659,-8.69327
1050.0,46.68711,119.3835,-8.717988
1051.0,46.774734,119.13831,-8.743213
1052.0,46.869392,118.907646,-8.768967
1053.0,46.970768,118.719444,-8.795352
1054.0,47.078373,118.5251,-8.822531
1055.0,47.194584,118.37409,-8.850723
1056.0,47.313824,118.22395,-8.880138
1057.0,47.43644,118.11542,-8.910944
1058.0,47.556553,117.99671,-8.943175
1059.0,47.678246,117.9103,-8.976706
1060.0,47.801693,117.83244,-9.01121
1061.0,47.93276,117.76643,-9.04622
1062.0,48.07046,117.72542,-9.081187
1063.0,48.2089,117.681915,-9.115598
1064.0,48.344597,117.62574,-9.149133
1065.0,48.478596,117.58429,-9.1817665
1066.0,48.61358,117.53764,-9.213807
1067.0,48.753582,117.48111,-9.2458315
1068.0,48.898357,117.410904,-9.278519
1069.0,49.048462,117.322136,-9.312418
1070.0,49.197598,117.23566,-9.347678
1071.0,49.347347,117.12979,-9.383968
1072.0,49.493683,117.05855,-9.420543
1073.0,49.638622,116.959015,-9.456538
1074.0,49.785194,116.89814,-9.49127
1075.0,49.929718,116.82563,-9.524431
1076.0,50.0724,116.8175,-9.556141
1077.0,50.214916,116.81703,-9.586822
1078.0,50.357246,116.85319,-9.617134
1079.0,50.505898,116.9037,-9.647852
1080.0,50.64928,117.0193,-9.679646
1081.0,50.791924,117.15539,-9.712641
1082.0,50.934402,117.32073,-9.74615
1083.0,51.07178,117.51694,-9.7787695
1084.0,51.201996,117.7196,-9.809062
1085.0,51.329742,117.95081,-9.836419
1086.0,51.45877,118.173195,-9.861723
1087.0,51.58686,118.41274,-9.887154
1088.0,51.71858,118.65541,-9.914989
1089.0,51.839367,118.90425,-9.9458065
1090.0,51.95595,119.131,-9.977383
1091.0,52.058968,119.33347,-10.005577
1092.0,52.15833,119.471825,-10.0270815
1093.0,52.266094,119.514,-10.041664
1094.0,52.377983,119.399345,-10.051905
1095.0,52.4963,119.14371,-10.06085
1096.0,52.624916,118.687584,-10.069913
1097.0,52.750652,118.057976,-10.078753
1098.0,52.87096,117.30157,-10.088346
1099.0,53.00132,116.40284,-10.108326
1100.0,52.956985,115.53476,-10.168816
1101.0,53.54502,114.69243,-10.330456
1102.0,55.37968,114.08064,-10.677253
1103.0,58.39736,113.85428,-11.288284
1104.0,62.5887,114.21147,-12.213645
1105.0,67.68642,115.17065,-13.464646
1106.0,73.62457,116.81404,-15.0005455
1107.0,80.565765,119.07453,-16.736713
1108.0,88.187645,121.91275,-18.586487
1109.0,96.89937,125.309326,-20.503693
1110.0,106.47157,129.23715,-22.508667
1111.0,116.77759,133.65134,-24.69762
1112.0,127.98354,138.54765,-27.185856
1113.0,139.77306,144.00586,-29.980577
1114.0,152.08368,150.07025,-32.928093
1115.0,164.79416,156.76106,-35.831013
1116.0,177.96548,163.95041,-38.62818
1117.0,191.65001,171.84946,-41.53988
1118.0,205.41696,180.33669,-44.702415
1119.0,218.91154,189.47366,-47.853874
1120.0,232.05318,199.16177,-50.813145
1121.0,244.7238,209.28453,-53.55999
1122.0,256.85413,219.91418,-56.110928
1123.0,268.24777,230.97115,-58.4682
1124.0,278.62726,242.39607,-60.597443
1125.0,287.77478,254.14474,-62.44084
1126.0,295.50266,266.21106,-63.967278
1127.0,301.56055,278.45734,-65.18389
1128.0,305.73965,290.87225,-66.06744
1129.0,307.76007,303.16324,-66.51458
1130.0,307.64395,315.113,-66.40636
1131.0,305.4639,326.55667,-65.707504
1132.0,301.43555,337.37814,-64.44228
1133.0,295.77975,347.41675,-62.701225
1134.0,288.66998,356.77234,-60.6722
1135.0,280.30817,365.41333,-58.508617
1136.0,270.77606,373.29803,-56.247856
1137.0,260.1984,380.29022,-53.83336
1138.0,248.77661,386.48407,-51.165752
1139.0,237.04599,391.64066,-48.23249
1140.0,225.5202,395.9519,-45.298904
1141.0,214.03523,399.5102,-42.681152
1142.0,202.53311,402.27875,-40.19503
1143.0,191.23291,404.3991,-37.547974
1144.0,180.52762,405.55756,-34.727745
1145.0,170.7433,405.86496,-32.037323
1146.0,161.55463,405.3611,-29.890156
1147.0,152.69241,404.26303,-28.154425
1148.0,144.06352,402.8178,-26.440014
1149.0,135.82309,400.86627,-24.648022
1150.0,128.25879,398.46716,-22.868223
1151.0,121.322914,395.66382,-21.207264
1152.0,114.98561,392.4375,-19.715996
1153.0,109.16368,388.91208,-18.390047
1154.0,103.78583,385.06097,-17.20263
1155.0,98.83667,380.95392,-16.128319
1156.0,94.283554,376.5714,-15.148475
1157.0,90.05035,372.05585,-14.249863
1158.0,86.105316,367.42566,-13.424305
1159.0,82.4982,362.62277,-12.667364
1160.0,79.19603,357.7631,-11.976561
1161.0,76.14712,352.88626,-11.348862
1162.0,73.328476,347.96875,-10.779669
1163.0,70.70468,343.0653,-10.262753
1164.0,68.2668,338.11548,-9.791234
1165.0,66.00107,333.08008,-9.358791
1166.0,63.915577,328.18546,-8.960669
1167.0,61.97256,323.22125,-8.593807
1168.0,60.15725,318.31625,-8.256519
1169.0,58.468586,313.3816,-7.947633
1170.0,56.89429,308.4372,-7.6660614
1171.0,55.420624,303.51047,-7.4099703
1172.0,54.040245,298.69888,-7.1767554
1173.0,52.7395,293.9214,-6.963109
1174.0,51.505695,289.146,-6.76579
1175.0,50.34792,284.45367,-6.5820913
1176.0,49.259792,279.87292,-6.4103193
1177.0,48.225273,275.26868,-6.2498217
1178.0,47.25508,270.72906,-6.1007986
1179.0,46.3369,266.2596,-5.9637117
1180.0,45.47048,261.84366,-5.8386183
1181.0,44.64586,257.52203,-5.7247105
1182.0,43.86189,253.26823,-5.620229
1183.0,43.11441,249.03276,-5.523118
1184.0,42.400787,244.86925,-5.4318676
1185.0,41.71949,240.8825,-5.345997
1186.0,41.071316,236.90802,-5.2657967
1187.0,40.454643,232.96677,-5.1917353
1188.0,39.870827,229.17415,-5.1239243
1189.0,39.31095,225.37166,-5.0620737
1190.0,38.782413,221.72902,-5.0056267
1191.0,38.277817,218.08916,-4.954035
1192.0,37.797386,214.50568,-4.90689
1193.0,37.342728,211.0451,-4.8639946
1194.0,36.91152,207.59807,-4.8253984
1195.0,36.507397,204.24863,-4.791354
1196.0,36.129646,200.94376,-4.7623024
1197.0,35.77884,197.70468,-4.7387943
1198.0,35.46199,194.53976,-4.721464
1199.0,35.180527,191.42357,-4.7109947
1200.0,34.9323,188.41083,-4.7080708
1201.0,34.725742,185.4201,-4.713379
1202.0,34.55931,182.51689,-4.7275915
1203.0,34.4354,179.66415,-4.751375
1204.0,34.364315,176.92279,-4.785383
1205.0,34.34704,174.23064,-4.830288
1206.0,34.386173,171.64069,-4.8867493
1207.0,34.48763,169.12764,-4.955448
1208.0,34.648064,166.6896,-5.037035
1209.0,34.87645,164.36404,-5.132128
1210.0,35.172333,162.0979,-5.241268
1211.0,35.536125,159.92499,-5.364931
1212.0,35.970154,157.83676,-5.503463
1213.0,36.47635,155.87411,-5.657096
1214.0,37.05375,153.94722,-5.825945
1215.0,37.704796,152.19693,-6.0100803
1216.0,38.42307,150.47305,-6.209486
1217.0,39.209946,148.86401,-6.4241247
1218.0,40.078133,147.38599,-6.6539364
1219.0,41.01251,145.95108,-6.8989096
1220.0,42.0209,144.61002,-7.1589346
1221.0,43.09899,143.4007,-7.433826
1222.0,44.249027,142.29991,-7.7232227
1223.0,45.462563,141.27783,-8.026696
1224.0,46.74712,140.38104,-8.343626
1225.0,48.082294,139.56023,-8.67341
1226.0,49.495285,138.87381,-9.015596
1227.0,50.968136,138.29875,-9.370073
1228.0,52.50354,137.81271,-9.736939
1229.0,54.106216,137.48877,-10.116443
1230.0,55.774708,137.24127,-10.508763
1231.0,57.500626,137.12512,-10.913649
1232.0,59.282433,137.15373,-11.33042
1233.0,61.095894,137.29742,-11.757771
1234.0,62.969444,137.5812,-12.1941185
1235.0,64.890625,137.97131,-12.63784
1236.0,66.85495,138.4785,-13.087726
1237.0,68.852875,139.11258,-13.5428705
1238.0,70.88309,139.85205,-14.002763
1239.0,72.94015,140.7163,-14.466998
1240.0,75.03505,141.69913,-14.935169
1241.0,77.13359,142.77934,-15.406349
1242.0,79.23822,143.96556,-15.87917
1243.0,81.35065,145.26468,-16.351772
1244.0,83.46156,146.65552,-16.82209
1245.0,85.56242,148.13893,-17.287842
1246.0,87.63866,149.711,-17.746803
1247.0,89.69328,151.39445,-18.196892
1248.0,91.71451,153.13531,-18.63629
1249.0,93.686615,154.96661,-19.063227
1250.0,95.6151,156.88234,-19.476074
1251.0,97.48109,158.86807,-19.873169
1252.0,99.27051,160.913,-20.25298
1253.0,100.98827,163.01651,-20.613737
1254.0,102.618095,165.17142,-20.953663
1255.0,104.14374,167.341,-21.270775
1256.0,105.58034,169.6023,-21.56298
1257.0,106.89721,171.84958,-21.82816
1258.0,108.07057,174.11182,-22.064037
1259.0,109.13038,176.42111,-22.268429
1260.0,110.04065,178.72272,-22.439306
1261.0,110.79408,181.0297,-22.574902
1262.0,111.39941,183.32233,-22.673668
1263.0,111.8477,185.57318,-22.734423
1264.0,112.12677,187.82336,-22.756248
1265.0,112.234634,190.01257,-22.738516
1266.0,112.1511,192.14291,-22.680698
1267.0,111.885864,194.18323,-22.582415
1268.0,111.44502,196.18561,-22.443363
1269.0,110.81639,198.07275,-22.263275
1270.0,109.99122,199.81386,-22.042177
1271.0,109.00427,201.48245,-21.780403
1272.0,107.81961,202.995,-21.478832
1273.0,106.47923,204.389,-21.138824
1274.0,104.965256,205.62689,-20.762493
1275.0,103.30372,206.74426,-20.352543
1276.0,101.501396,207.70494,-19.912178
1277.0,99.56459,208.49841,-19.44493
1278.0,97.52367,209.16966,-18.95468
1279.0,95.390625,209.6796,-18.445518
1280.0,93.1785,210.03815,-17.921513
1281.0,90.89875,210.25745,-17.386457
1282.0,88.57365,210.32126,-16.844025
1283.0,86.21358,210.24365,-16.29739
1284.0,83.85104,210.0173,-15.749444
1285.0,81.483154,209.65053,-15.203037
1286.0,79.127625,209.13348,-14.660919
1287.0,76.78612,208.45361,-14.126159
1288.0,74.493454,207.64105,-13.602095
1289.0,72.23163,206.68167,-13.092047
1290.0,70.04077,205.59978,-12.598825
1291.0,67.915474,204.39395,-12.124351
1292.0,65.83896,203.08409,-11.669138
1293.0,63.832966,201.67047,-11.23232
1294.0,61.87637,200.19261,-10.811903
1295.0,60.013573,198.62177,-10.40617
1296.0,58.200245,196.98917,-10.014366
1297.0,56.478558,195.31812,-9.637464
1298.0,54.833706,193.61221,-9.277671
1299.0,53.267097,191.88031,-8.937709
1300.0,51.783104,190.07104,-8.619467
1301.0,50.36898,188.19208,-8.3231125
1302.0,49.015198,186.29604,-8.046893
1303.0,47.720127,184.34363,-7.7881165
1304.0,46.483036,182.30063,-7.5441103
1305.0,45.31695,180.2402,-7.31297
1306.0,44.220924,178.15495,-7.094015
1307.0,43.184223,176.03189,-6.88739
1308.0,42.2119,173.8892,-6.693799
1309.0,41.295815,171.70648,-6.5139856
1310.0,40.43513,169.55121,-6.348366
1311.0,39.631363,167.4075,-6.1970387
1312.0,38.87846,165.23734,-6.0595884
1313.0,38.184116,163.07613,-5.935322
1314.0,37.534634,161.00037,-5.8233566
1315.0,36.940186,158.92096,-5.722745
1316.0,36.394413,156.88,-5.6327467
1317.0,35.899437,154.86476,-5.5528984
1318.0,35.448616,152.9393,-5.4829884
1319.0,35.04603,151.01529,-5.423069
1320.0,34.691628,149.12457,-5.3733463
1321.0,34.38121,147.30463,-5.334012
1322.0,34.11546,145.52905,-5.305152
1323.0,33.89387,143.80728,-5.2866583
1324.0,33.715076,142.10374,-5.278201
1325.0,33.581806,140.4234,-5.2792864
1326.0,33.48453,138.76968,-5.2893047
1327.0,33.433563,137.1528,-5.3075933
1328.0,33.41361,135.57855,-5.333564
1329.0,33.43354,134.03589,-5.3667574
1330.0,33.490177,132.50108,-5.406872
1331.0,33.57994,131.02261,-5.4538393
1332.0,33.702408,129.58864,-5.507662
1333.0,33.86354,128.15388,-5.5684443
1334.0,34.056602,126.78715,-5.636264
1335.0,34.279293,125.46387,-5.711006
1336.0,34.535873,124.190125,-5.792494
1337.0,34.818886,123.010635,-5.8803244
1338.0,35.1298,121.82503,-5.9740114
1339.0,35.469746,120.75189,-6.0730743
1340.0,35.830467,119.70503,-6.1770678
1341.0,36.22072,118.75608,-6.2856655
1342.0,36.638824,117.8426,-6.398656
1343.0,37.075954,117.01797,-6.515875
1344.0,37.5381,116.21695,-6.637328
1345.0,38.01867,115.49536,-6.7629604
1346.0,38.52533,114.80026,-6.892748
1347.0,39.04981,114.20149,-7.0265627
1348.0,39.59314,113.63683,-7.164318
1349.0,40.15561,113.106316,-7.3057876
1350.0,40.73512,112.65138,-7.4507294
1351.0,41.330273,112.232025,-7.5989037
1352.0,41.94474,111.85663,-7.7500677
1353.0,42.581043,111.52678,-7.9039927
1354.0,43.22443,111.25865,-8.060441
1355.0,43.88745,111.03057,-8.21924
1356.0,44.565166,110.86006,-8.380246
1357.0,45.253082,110.71843,-8.543309
1358.0,45.95818,110.64481,-8.708308
1359.0,46.669624,110.60823,-8.875114
1360.0,47.388893,110.62448,-9.043601
1361.0,48.127216,110.67382,-9.213599
1362.0,48.86662,110.776825,-9.384963
1363.0,49.619713,110.91298,-9.5574665
1364.0,50.376225,111.12197,-9.730864
1365.0,51.136936,111.351364,-9.904937
1366.0,51.90708,111.63585,-10.079408
1367.0,52.679253,111.95619,-10.253966
1368.0,53.447136,112.312645,-10.428343
1369.0,54.228218,112.70559,-10.602288
1370.0,55.00682,113.14726,-10.775504
1371.0,55.784798,113.63175,-10.947748
1372.0,56.55797,114.15234,-11.11874
1373.0,57.32749,114.71256,-11.288299
1374.0,58.096954,115.298325,-11.456221
1375.0,58.858414,115.915794,-11.622271
1376.0,59.609886,116.5913,-11.786223
1377.0,60.357853,117.2935,-11.9479
1378.0,61.097755,118.026855,-12.107027
1379.0,61.82778,118.790085,-12.26331
1380.0,62.540318,119.57814,-12.416482
1381.0,63.242294,120.40575,-12.566175
1382.0,63.931446,121.24672,-12.712046
1383.0,64.60127,122.10399,-12.853697
1384.0,65.25612,122.98546,-12.990734
1385.0,65.891266,123.89074,-13.122808
1386.0,66.51001,124.81389,-13.24957
1387.0,67.10664,125.75629,-13.3707695
1388.0,67.675125,126.68657,-13.48618
1389.0,68.21843,127.63119,-13.595624
1390.0,68.73209,128.59239,-13.699016
1391.0,69.22774,129.56653,-13.796243
1392.0,69.69168,130.54308,-13.887174
1393.0,70.13185,131.5156,-13.971668
1394.0,70.53662,132.48457,-14.049513
1395.0,70.9189,133.4525,-14.120428
1396.0,71.26324,134.41678,-14.184093
1397.0,71.57866,135.3714,-14.24018
1398.0,71.8595,136.3302,-14.288401
1399.0,72.10113,137.2735,-14.328548
1400.0,72.308105,138.19873,-14.360472
1401.0,72.481255,139.12393,-14.384114
1402.0,72.62089,140.01572,-14.399522
1403.0,72.721344,140.89024,-14.406764
1404.0,72.78426,141.74751,-14.405923
1405.0,72.81883,142.59003,-14.397101
1406.0,72.80885,143.40634,-14.380295
1407.0,72.76368,144.19087,-14.355517
1408.0,72.68393,144.93724,-14.322705
1409.0,72.56088,145.66335,-14.281815
1410.0,72.409584,146.35269,-14.232858
1411.0,72.216965,147.00143,-14.175885
1412.0,71.994675,147.63605,-14.111068
1413.0,71.735504,148.25327,-14.038652
1414.0,71.443825,148.79254,-13.958958
1415.0,71.112885,149.32848,-13.872309
1416.0,70.76511,149.82428,-13.779066
1417.0,70.372406,150.26614,-13.67957
1418.0,69.95222,150.68344,-13.574156
1419.0,69.5087,151.08942,-13.463115
1420.0,69.03563,151.4263,-13.346759
1421.0,68.53479,151.73668,-13.225393
1422.0,68.01463,152.00165,-13.099339
1423.0,67.473236,152.23505,-12.968908
1424.0,66.91407,152.4244,-12.834446
1425.0,66.33287,152.58961,-12.696352
1426.0,65.73741,152.6908,-12.555078
1427.0,65.13185,152.76181,-12.411056
1428.0,64.511116,152.79893,-12.264814
1429.0,63.87621,152.80165,-12.116903
1430.0,63.227608,152.73825,-11.96784
1431.0,62.582985,152.6782,-11.818172
1432.0,61.92581,152.55792,-11.668363
1433.0,61.269356,152.3729,-11.518858
1434.0,60.610867,152.1796,-11.370046
1435.0,59.953686,151.93411,-11.222185
1436.0,59.295753,151.65627,-11.075551
1437.0,58.645897,151.33302,-10.930331
1438.0,57.99651,150.98045,-10.786766
1439.0,57.357002,150.59436,-10.645128
1440.0,56.728294,150.17801,-10.505678
1441.0,56.10663,149.71786,-10.36878
1442.0,55.50037,149.20932,-10.234812
1443.0,54.903236,148.71347,-10.1041355
1444.0,54.316113,148.1573,-9.977055
1445.0,53.741585,147.59494,-9.853862
1446.0,53.184498,146.97688,-9.734741
1447.0,52.643158,146.35902,-9.619835
1448.0,52.119446,145.71233,-9.509166
1449.0,51.613197,145.05579,-9.402741
1450.0,51.124203,144.37312,-9.300583
1451.0,50.654263,143.67291,-9.202709
1452.0,50.20164,142.96988,-9.109133
1453.0,49.765446,142.24055,-9.019917
1454.0,49.34671,141.52573,-8.9351425
1455.0,48.947353,140.80725,-8.854845
1456.0,48.56452,140.08273,-8.779076
1457.0,48.202763,139.34758,-8.707835
1458.0,47.863075,138.63239,-8.641104
1459.0,47.541973,137.91504,-8.578844
1460.0,47.24069,137.19844,-8.520989
1461.0,46.955734,136.49014,-8.467505
1462.0,46.688423,135.79288,-8.41832
1463.0,46.439404,135.08495,-8.373393
1464.0,46.20847,134.3965,-8.332658
1465.0,45.99775,133.72015,-8.296031
1466.0,45.802578,133.03247,-8.263411
1467.0,45.625954,132.36447,-8.234682
1468.0,45.46376,131.69038,-8.209719
1469.0,45.31815,131.04178,-8.188366
1470.0,45.18914,130.3941,-8.170509
1471.0,45.075817,129.75383,-8.156019
1472.0,44.978275,129.12126,-8.144812
1473.0,44.896156,128.50253,-8.136796
1474.0,44.82987,127.88905,-8.131916
1475.0,44.776463,127.291435,-8.130124
1476.0,44.735943,126.69899,-8.131363
1477.0,44.709534,126.11593,-8.1355715
1478.0,44.695263,125.54871,-8.142658
1479.0,44.693638,124.98964,-8.152523
1480.0,44.703537,124.44025,-8.165015
1481.0,44.72595,123.89806,-8.179971
1482.0,44.757893,123.38516,-8.197218
1483.0,44.80218,122.8734,-8.21657
1484.0,44.857582,122.3742,-8.237851
1485.0,44.921856,121.89647,-8.260936
1486.0,44.99656,121.42525,-8.285729
1487.0,45.079773,120.97643,-8.312181
1488.0,45.172325,120.55369,-8.34029
1489.0,45.27257,120.14304,-8.3700695
1490.0,45.380207,119.75714,-8.401564
1491.0,45.49627,119.40299,-8.434772
1492.0,45.61919,119.06531,-8.469665
1493.0,45.74889,118.748505,-8.506167
1494.0,45.88745,118.460686,-8.54412
1495.0,46.03078,118.18583,-8.583317
1496.0,46.17998,117.93973,-8.623512
1497.0,46.334133,117.71421,-8.664466
1498.0,46.49133,117.51455,-8.705974
1499.0,46.65682,117.3242,-8.747921
1500.0,46.82819,117.152306,-8.790263
1501.0,47.00171,116.99564,-8.83303
1502.0,47.17871,116.8635,-8.876344
1503.0,47.361206,116.73143,-8.920304
1504.0,47.540695,116.62755,-8.964984
1505.0,47.72654,116.51549,-9.0104065
1506.0,47.914124,116.43459,-9.056457
1507.0,48.103615,116.36434,-9.102994
1508.0,48.297394,116.29727,-9.149782
1509.0,48.49251,116.252396,-9.196592
1510.0,48.691395,116.21653,-9.2432575
1511.0,48.891243,116.20465,-9.2896385
1512.0,49.08986,116.20466,-9.335721
1513.0,49.2879,116.22411,-9.381515
1514.0,49.486546,116.24031,-9.427078
1515.0,49.684975,116.29109,-9.472501
1516.0,49.884018,116.330956,-9.517838
1517.0,50.081703,116.39616,-9.563094
1518.0,50.28055,116.45903,-9.608259
1519.0,50.477966,116.54871,-9.653265
1520.0,50.674473,116.629776,-9.6979885
1521.0,50.870586,116.72887,-9.742292
1522.0,51.06166,116.82411,-9.786021
1523.0,51.252827,116.93062,-9.829038
1524.0,51.439163,117.04152,-9.871223
1525.0,51.621117,117.16612,-9.912469
1526.0,51.803875,117.305565,-9.95269
1527.0,51.98218,117.44384,-9.991854
1528.0,52.1607,117.5888,-10.029931
1529.0,52.33255,117.7426,-10.06691
1530.0,52.502945,117.90171,-10.102819
1531.0,52.66829,118.073586,-10.137655
1532.0,52.827305,118.26654,-10.171445
1533.0,52.98529,118.460815,-10.204195
1534.0,53.1387,118.64762,-10.235907
1535.0,53.286945,118.85849,-10.266582
1536.0,53.430397,119.068794,-10.296196
1537.0,53.56772,119.30716,-10.324737
1538.0,53.7029,119.51464,-10.352168
1539.0,53.830425,119.742935,-10.378453
1540.0,53.953377,119.98895,-10.403554
1541.0,54.070457,120.219,-10.427429
1542.0,54.183784,120.45713,-10.4500265
1543.0,54.29012,120.69605,-10.471295
1544.0,54.389427,120.93888,-10.491197
1545.0,54.48559,121.182495,-10.50968
1546.0,54.575527,121.41912,-10.526704
1547.0,54.659245,121.65522,-10.542229
1548.0,54.737793,121.8843,-10.55624
1549.0,54.80841,122.103546,-10.568718
1550.0,54.870934,122.3232,-10.579677
1551.0,54.930603,122.535774,-10.589159
1552.0,54.98656,122.74941,-10.597222
1553.0,55.031563,122.935265,-10.603962
1554.0,55.07416,123.135956,-10.609476
1555.0,55.10814,123.315094,-10.613848
1556.0,55.133995,123.496864,-10.617175
1557.0,55.159203,123.66086,-10.619457
1558.0,55.17417,123.83243,-10.620678
1559.0,55.189,123.991165,-10.620763
1560.0,55.19047,124.15282,-10.6195755
1561.0,55.190487,124.30825,-10.616989
1562.0,55.17957,124.4655,-10.612879
1563.0,55.168404,124.61525,-10.60719
1564.0,55.15186,124.77284,-10.599957
1565.0,55.126938,124.927475,-10.591256
1566.0,55.097267,125.06467,-10.581252
1567.0,55.058945,125.22189,-10.570132
1568.0,55.019135,125.360565,-10.558059
1569.0,54.973125,125.49315,-10.545189
1570.0,54.92242,125.63253,-10.531602
1571.0,54.872856,125.74668,-10.517335
1572.0,54.813576,125.8507,-10.50234
1573.0,54.750134,125.953896,-10.486543
1574.0,54.68164,126.05405,-10.469833
1575.0,54.60793,126.13482,-10.452114
1576.0,54.531944,126.1918,-10.433316
1577.0,54.450153,126.26563,-10.41342
1578.0,54.370506,126.325745,-10.392481
1579.0,54.29151,126.37311,-10.3706
1580.0,54.2027,126.43191,-10.347965
1581.0,54.114155,126.47058,-10.324753
1582.0,54.022285,126.51401,-10.301182
1583.0,53.924095,126.53764,-10.277414
1584.0,53.82487,126.56898,-10.253569
1585.0,53.721146,126.59912,-10.2297
1586.0,53.618355,126.6148,-10.205778
1587.0,53.513374,126.63896,-10.18175
1588.0,53.40811,126.65289,-10.157512
1589.0,53.30165,126.64266,-10.132971
1590.0,53.194183,126.62968,-10.108053
1591.0,53.082962,126.62372,-10.082745
1592.0,52.97113,126.593864,-10.057076
1593.0,52.860886,126.56704,-10.0311575
1594.0,52.747906,126.52302,-10.005111
1595.0,52.63704,126.47841,-9.979096
1596.0,52.525455,126.4171,-9.95327
1597.0,52.413754,126.36145,-9.927773
1598.0,52.301933,126.2995,-9.902702
1599.0,52.19062,126.22585,-9.878127
1600.0,52.08029,126.14893,-9.854062
1601.0,51.969368,126.05065,-9.8304825
1602.0,51.859093,125.97036,-9.807336
1603.0,51.75063,125.88767,-9.7845545
1604.0,51.64501,125.79549,-9.762053
1605.0,51.53782,125.69037,-9.73976
1606.0,51.433113,125.6017,-9.717626
1607.0,51.32852,125.484344,-9.695612
1608.0,51.226906,125.37979,-9.673721
1609.0,51.12635,125.267586,-9.651982
1610.0,51.027607,125.14624,-9.630448
1611.0,50.930412,125.021614,-9.609211
1612.0,50.83577,124.89417,-9.588372
1613.0,50.742546,124.76565,-9.568043
1614.0,50.65238,124.64062,-9.548343
1615.0,50.563442,124.500885,-9.529378
1616.0,50.477867,124.35005,-9.511231
1617.0,50.39371,124.20946,-9.493961
1618.0,50.31112,124.05221,-9.477572
1619.0,50.23304,123.90373,-9.46204
1620.0,50.154198,123.75276,-9.447302
1621.0,50.07897,123.59378,-9.433249
1622.0,50.006973,123.44648,-9.419775
1623.0,49.93709,123.291695,-9.406763
1624.0,49.870636,123.12468,-9.394104
1625.0,49.807148,122.969955,-9.381743
1626.0,49.742985,122.81661,-9.369659
1627.0,49.684372,122.65221,-9.357882
1628.0,49.626682,122.49563,-9.346491
1629.0,49.572205,122.33279,-9.335583
1630.0,49.521374,122.182144,-9.325285
1631.0,49.471554,122.02153,-9.315714
1632.0,49.424683,121.869316,-9.306956
1633.0,49.380848,121.72157,-9.2990675
1634.0,49.340584,121.57186,-9.292061
1635.0,49.3009,121.416145,-9.285896
1636.0,49.263664,121.28279,-9.280499
1637.0,49.231007,121.142365,-9.275774
1638.0,49.197327,121.00914,-9.271603
1639.0,49.169353,120.869125,-9.267872
1640.0,49.14212,120.75019,-9.264481
1641.0,49.118378,120.623535,-9.261355
1642.0,49.0963,120.50481,-9.25845
1643.0,49.07665,120.39036,-9.255745
1644.0,49.058723,120.284874,-9.253265
1645.0,49.04258,120.17611,-9.2510605
1646.0,49.030254,120.076164,-9.249183
1647.0,49.017857,119.97247,-9.24771
1648.0,49.008743,119.87487,-9.246724
1649.0,49.000916,119.78392,-9.246279
1650.0,48.996315,119.69393,-9.246429
1651.0,48.9939,119.60275,-9.247204
1652.0,48.99176,119.51804,-9.24862
1653.0,48.992756,119.43041,-9.250658
1654.0,48.994907,119.338264,-9.253283
1655.0,48.99954,119.260735,-9.256452
1656.0,49.00298,119.17886,-9.260099
1657.0,49.011345,119.10729,-9.264142
1658.0,49.020447,119.01074,-9.268513
1659.0,49.030148,118.933754,-9.273134
1660.0,49.041153,118.85622,-9.277931
1661.0,49.054955,118.76566,-9.282831
1662.0,49.068474,118.69552,-9.287804
1663.0,49.084656,118.61834,-9.292801
1664.0,49.10226,118.544235,-9.2978115
1665.0,49.120583,118.46372,-9.302835
1666.0,49.13911,118.39348,-9.307904
1667.0,49.15956,118.30863,-9.3130455
1668.0,49.178776,118.24155,-9.31831
1669.0,49.20087,118.18515,-9.323757
1670.0,49.225048,118.10416,-9.329449
1671.0,49.24956,118.05012,-9.33544
1672.0,49.274673,117.9842,-9.341772
1673.0,49.300232,117.92801,-9.3484745
1674.0,49.323257,117.87824,-9.355543
1675.0,49.34596,117.83018,-9.3629465
1676.0,49.371574,117.78136,-9.370611
1677.0,49.397423,117.75452,-9.378428
1678.0,49.42439,117.7167,-9.386249
1679.0,49.45247,117.681946,-9.393909
1680.0,49.479042,117.66268,-9.40123
1681.0,49.50494,117.64679,-9.40806
1682.0,49.53067,117.633156,-9.41431
1683.0,49.557972,117.631004,-9.419984
1684.0,49.586697,117.62293,-9.425198
1685.0,49.617855,117.62663,-9.430209
1686.0,49.6486,117.631134,-9.435367
1687.0,49.676826,117.64192,-9.441037
1688.0,49.705925,117.64659,-9.447525
1689.0,49.732193,117.657425,-9.454947
1690.0,49.759975,117.68012,-9.463166
1691.0,49.788548,117.69504,-9.47179
1692.0,49.816338,117.72684,-9.4802685
1693.0,49.8438,117.73911,-9.488078
1694.0,49.87016,117.76423,-9.494861
1695.0,49.89712,117.790436,-9.500574
1696.0,49.92373,117.80971,-9.505524
1697.0,49.9489,117.826744,-9.510182
1698.0,49.97473,117.84027,-9.515033
1699.0,49.9996,117.86592,-9.520375
1700.0,50.024376,117.88381,-9.526215
1701.0,50.046074,117.894745,-9.532297
1702.0,50.06943,117.92238,-9.538236
1703.0,50.09123,117.9351,-9.543707
1704.0,50.11325,117.95078,-9.548548
1705.0,50.136444,117.97692,-9.552808
1706.0,50.157745,117.9879,-9.556694
1707.0,50.17781,118.01507,-9.560447
1708.0,50.198574,118.03286,-9.56422
1709.0,50.214687,118.05247,-9.568018
1710.0,50.23243,118.07313,-9.571732
1711.0,50.24716,118.08764,-9.57523
1712.0,50.264317,118.10582,-9.578426
1713.0,50.279613,118.12409,-9.581366
1714.0,50.29461,118.13635,-9.584178
1715.0,50.30949,118.15263,-9.58701
1716.0,50.324635,118.169136,-9.589945
1717.0,50.335464,118.17625,-9.592975
1718.0,50.347946,118.186325,-9.595981
1719.0,50.358322,118.206535,-9.598768
1720.0,50.366306,118.212006,-9.601142
1721.0,50.37515,118.229416,-9.602966
1722.0,50.384453,118.24386,-9.6041975
1723.0,50.39139,118.25802,-9.604891
1724.0,50.398026,118.27423,-9.6052
1725.0,50.40333,118.28933,-9.605305
1726.0,50.40737,118.30571,-9.605388
1727.0,50.411003,118.32823,-9.605578
1728.0,50.413746,118.34182,-9.60594
1729.0,50.415863,118.36743,-9.606451
1730.0,50.41939,118.38955,-9.607023
1731.0,50.421963,118.44207,-9.60753
1732.0,50.422466,118.474754,-9.6078205
1733.0,50.42224,118.52461,-9.607778
1734.0,50.42039,118.57422,-9.607321
1735.0,50.41757,118.611694,-9.60644
1736.0,50.414696,118.6589,-9.605175
1737.0,50.412743,118.697815,-9.60363
1738.0,50.409897,118.73784,-9.601916
1739.0,50.405464,118.77071,-9.600143
1740.0,50.398277,118.79767,-9.598389
1741.0,50.38993,118.816986,-9.596687
1742.0,50.381706,118.8336,-9.59502
1743.0,50.375202,118.845535,-9.593352
1744.0,50.36951,118.86961,-9.591626
1745.0,50.36236,118.877815,-9.589779
1746.0,50.3528,118.8698,-9.587721
1747.0,50.34233,118.87925,-9.585368
1748.0,50.33313,118.87965,-9.582666
1749.0,50.32262,118.873505,-9.579621
1750.0,50.31092,118.87307,-9.576361
1751.0,50.29726,118.839874,-9.573086
1752.0,50.284904,118.82025,-9.5700035
1753.0,50.27507,118.778854,-9.567248
1754.0,50.263336,118.74436,-9.564809
1755.0,50.251953,118.72999,-9.562583
1756.0,50.234474,118.698616,-9.560418
1757.0,50.220245,118.67513,-9.558166
1758.0,50.20449,118.6586,-9.555743
1759.0,50.19094,118.672356,-9.55313
1760.0,50.178463,118.67413,-9.550344
1761.0,50.16373,118.6991,-9.54745
1762.0,50.144955,118.73088,-9.54447
1763.0,50.13038,118.765594,-9.541409
1764.0,50.116547,118.8167,-9.538249
1765.0,50.101295,118.831894,-9.534944
1766.0,50.09106,118.86195,-9.531473
1767.0,50.077133,118.86492,-9.527882
1768.0,50.058582,118.83883,-9.524277
1769.0,50.043198,118.84593,-9.520784
1770.0,50.027508,118.793915,-9.517525
1771.0,50.014793,118.77979,-9.514581
1772.0,49.99944,118.71763,-9.51191
1773.0,49.98151,118.6482,-9.509363
1774.0,49.965755,118.6052,-9.506745
1775.0,49.94774,118.54493,-9.503836
1776.0,49.932,118.51496,-9.500481
1777.0,49.916283,118.49144,-9.496648
1778.0,49.90249,118.48181,-9.492443
1779.0,49.888824,118.44744,-9.488078
1780.0,49.87161,118.4501,-9.483768
1781.0,49.857037,118.4324,-9.479708
1782.0,49.84148,118.42932,-9.476039
1783.0,49.830242,118.42127,-9.472795
1784.0,49.812275,118.41421,-9.469924
1785.0,49.79536,118.383224,-9.46734
1786.0,49.779514,118.377014,-9.464898
1787.0,49.762585,118.33314,-9.462411
1788.0,49.7509,118.34243,-9.459715
1789.0,49.738068,118.319824,-9.456665
1790.0,49.72477,118.310875,-9.453157
1791.0,49.71181,118.32633,-9.449193
1792.0,49.696774,118.33584,-9.444901
1793.0,49.68194,118.34347,-9.440563
1794.0,49.673435,118.36988,-9.436584
1795.0,49.66318,118.40107,-9.433453
1796.0,49.65819,118.47697,-9.431628
1797.0,49.650322,118.58046,-9.431364
1798.0,49.642925,118.64891,-9.432521
1799.0,49.629803,118.76791,-9.434389
1800.0,49.612892,118.89468,-9.435585
