t,Ip,Ii,gt
0.0,36.000908,43.996815,0.11490452
1.0,37.138523,44.13993,0.14438784
2.0,39.580624,44.391827,0.4604001
3.0,42.301926,45.16823,1.1053301
4.0,44.627964,46.600544,1.7224455
5.0,46.518963,48.539284,2.128819
6.0,48.069344,50.792633,2.3209496
7.0,49.40822,53.141106,2.3534427
8.0,50.61235,55.467533,2.2900453
9.0,51.735504,57.70636,2.184181
10.0,52.819454,59.83961,2.0731854
11.0,53.86359,61.861176,1.9786019
12.0,54.874966,63.807693,1.9087421
13.0,55.845253,65.688416,1.8631322
14.0,56.786057,67.53993,1.8382748
15.0,57.69294,69.366745,1.832293
16.0,58.58103,71.2137,1.8451651
17.0,59.437866,73.07114,1.8739445
18.0,60.27029,74.965866,1.9093872
19.0,61.083527,76.88455,1.9401443
20.0,61.871235,78.836044,1.9590222
21.0,62.636555,80.7915,1.9643714
22.0,63.375523,82.77614,1.9579803
23.0,64.10043,84.732506,1.9428859
24.0,64.798004,86.64143,1.9221331
25.0,65.47687,88.590744,1.8982606
26.0,66.12849,90.46919,1.873182
27.0,66.75101,92.287704,1.8482269
28.0,67.34788,94.16058,1.8242517
29.0,67.90167,95.95514,1.8017424
30.0,68.43111,97.740685,1.7809093
31.0,68.93393,99.52102,1.7617344
32.0,69.40622,101.307495,1.74401
33.0,69.84649,103.019394,1.7273489
34.0,70.26902,104.77748,1.7111952
35.0,70.650055,106.45099,1.6948489
36.0,70.99601,108.13178,1.677516
37.0,71.316124,109.828835,1.6583844
38.0,71.589775,111.43587,1.6367471
39.0,71.82789,113.06853,1.6121079
40.0,72.03603,114.70152,1.5842416
41.0,72.192665,116.23401,1.5531503
42.0,72.332924,117.78136,1.5189145
43.0,72.43172,119.29672,1.4815388
44.0,72.50813,120.76319,1.4409813
45.0,72.53914,122.17456,1.3974018
46.0,72.53192,123.55029,1.3514324
47.0,72.48745,124.93555,1.304244
48.0,72.39792,126.17806,1.2572528
49.0,72.27853,127.44028,1.2116613
50.0,72.122444,128.61003,1.1680382
51.0,71.93266,129.74432,1.1261256
52.0,71.70917,130.88562,1.0849048
53.0,71.43445,131.94495,1.0429378
54.0,71.13833,132.96027,0.99891293
55.0,70.80595,133.94447,0.9522357
56.0,70.4514,134.87175,0.9033681
57.0,70.064514,135.753,0.8535855
58.0,69.622246,136.58057,0.80403185
59.0,69.15961,137.37848,0.7545309
60.0,68.64987,138.08969,0.703004
61.0,68.10132,138.75473,0.64639926
62.0,67.53656,139.39746,0.5830569
63.0,66.948654,139.91742,0.51518285
64.0,66.36079,140.4141,0.44911122
65.0,65.768814,140.80087,0.39183784
66.0,65.16492,141.20064,0.34581637
67.0,64.511215,141.49423,0.30736756
68.0,63.824314,141.78012,0.2704425
69.0,63.116474,142.02957,0.2300452
70.0,62.391884,142.23128,0.1822635
71.0,61.666588,142.39606,0.124969125
72.0,60.93939,142.46793,0.060145736
73.0,60.21155,142.49088,-0.006198883
74.0,59.4874,142.50237,-0.06761289
75.0,58.74063,142.35098,-0.12061596
76.0,58.008957,142.2264,-0.16529071
77.0,57.268806,142.02675,-0.20383322
78.0,56.5391,141.80948,-0.238922
79.0,55.812595,141.57108,-0.27276886
80.0,55.088947,141.21803,-0.3068006
81.0,54.38467,140.93407,-0.34168792
82.0,53.678146,140.55936,-0.37748802
83.0,52.98813,140.17448,-0.41380036
84.0,52.309753,139.72446,-0.4499117
85.0,51.646046,139.26239,-0.48493183
86.0,50.997192,138.76288,-0.51793087
87.0,50.35884,138.20648,-0.5480777
88.0,49.74322,137.65176,-0.5747719
89.0,49.144894,137.05133,-0.5977504
90.0,48.567413,136.45628,-0.6171479
91.0,48.004044,135.83307,-0.6334963
92.0,47.46066,135.20099,-0.64764273
93.0,46.937023,134.51782,-0.66060567
94.0,46.43487,133.8729,-0.6733626
95.0,45.951515,133.17554,-0.6866214
96.0,45.48803,132.50577,-0.7006117
97.0,45.04145,131.8264,-0.7149519
98.0,44.61876,131.0978,-0.72865903
99.0,44.217438,130.31937,-0.74033
100.0,43.844406,129.59586,-0.74848664
101.0,43.484673,128.82959,-0.75200784
102.0,43.143852,128.11203,-0.75051284
103.0,42.81726,127.369064,-0.7445427
104.0,42.51485,126.64278,-0.735469
105.0,42.23007,125.902664,-0.725126
106.0,41.965347,125.17453,-0.7153206
107.0,41.715973,124.4603,-0.7073499
108.0,41.485657,123.77675,-0.7016914
109.0,41.267906,123.058205,-0.6979269
110.0,41.06709,122.37363,-0.6949171
111.0,40.885036,121.69339,-0.6911688
112.0,40.7181,121.00093,-0.68530786
113.0,40.567493,120.30656,-0.67650855
114.0,40.432705,119.64841,-0.6647948
115.0,40.310223,118.99083,-0.6510916
116.0,40.20437,118.352264,-0.63701665
117.0,40.114113,117.73004,-0.62441456
118.0,40.03646,117.126526,-0.6147543
119.0,39.967823,116.48815,-0.6085584
120.0,39.911472,115.8962,-0.6050943
121.0,39.866512,115.29129,-0.60249305
122.0,39.8366,114.71167,-0.59829557
123.0,39.81586,114.10092,-0.5902307
124.0,39.80967,113.497185,-0.5768908
125.0,39.81661,112.93622,-0.55807364
126.0,39.830746,112.38389,-0.5347048
127.0,39.854275,111.861206,-0.50845575
128.0,39.885445,111.36696,-0.48123908
129.0,39.92311,110.88748,-0.45475543
130.0,39.97367,110.4504,-0.4302125
131.0,40.032116,110.012375,-0.4082092
132.0,40.100025,109.60459,-0.3888067
133.0,40.176224,109.21537,-0.37168217
134.0,40.260826,108.86963,-0.35630572
135.0,40.34784,108.52696,-0.3420961
136.0,40.439575,108.18973,-0.3285308
137.0,40.54123,107.86664,-0.3152119
138.0,40.651817,107.59403,-0.3019278
139.0,40.770313,107.262924,-0.28867066
140.0,40.897522,107.01187,-0.27568245
141.0,41.02556,106.71369,-0.2634461
142.0,41.160843,106.472466,-0.2526667
143.0,41.299393,106.24094,-0.2440995
144.0,41.442795,105.98483,-0.23820925
145.0,41.589294,105.76899,-0.23464084
146.0,41.74266,105.5318,-0.23183143
147.0,41.897114,105.28675,-0.22712362
148.0,42.05987,105.08629,-0.21751094
149.0,42.22668,104.85758,-0.20061111
150.0,42.39747,104.667915,-0.17540014
151.0,42.572983,104.49672,-0.14249277
152.0,42.75404,104.37962,-0.10415053
153.0,42.932755,104.29472,-0.06407452
154.0,43.110565,104.24449,-0.02675569
155.0,43.287926,104.237526,0.0037519932
156.0,43.472794,104.26514,0.025223136
157.0,43.65444,104.28992,0.037831187
158.0,43.84206,104.31499,0.043465495
159.0,44.038208,104.36305,0.04450643
160.0,44.23985,104.43841,0.04305899
161.0,44.43805,104.45056,0.04080522
162.0,44.63914,104.49948,0.039005995
163.0,44.835785,104.53181,0.038482666
164.0,45.029716,104.57381,0.039678216
165.0,45.222736,104.6225,0.042827368
166.0,45.41468,104.656906,0.048132777
167.0,45.610657,104.70369,0.05581081
168.0,45.81011,104.760956,0.06604135
169.0,46.013638,104.83607,0.07882738
170.0,46.21772,104.92355,0.093906045
171.0,46.421745,105.03027,0.110642314
172.0,46.621075,105.13986,0.12805128
173.0,46.816742,105.26627,0.14488089
174.0,47.009224,105.41237,0.15997374
175.0,47.199486,105.58913,0.17278516
176.0,47.383324,105.75417,0.18406141
177.0,47.567654,105.92763,0.1959306
178.0,47.758224,106.1528,0.21053314
179.0,47.952248,106.37617,0.22747707
180.0,48.14866,106.60023,0.2426275
181.0,48.349113,106.83299,0.25071156
182.0,48.53874,107.08693,0.24982548
183.0,48.71812,107.34706,0.24334204
184.0,48.88209,107.56023,0.2373457
185.0,49.045395,107.815216,0.2362082
186.0,49.201393,108.0215,0.2402153
187.0,49.36766,108.294876,0.24635458
188.0,49.52646,108.5244,0.25067866
189.0,49.695877,108.75441,0.25050807
190.0,49.864544,109.015015,0.24552906
191.0,50.023983,109.24353,0.23768377
192.0,50.179317,109.47437,0.230142
193.0,50.318474,109.695496,0.22598624
194.0,50.455563,109.90606,0.2271589
195.0,50.58813,110.13989,0.23398304
196.0,50.72016,110.377304,0.24527621
197.0,50.845875,110.62456,0.25889134
198.0,50.96963,110.896255,0.2723831
199.0,51.09007,111.15276,0.28360188
200.0,51.21225,111.44786,0.29109907
201.0,51.328583,111.72954,0.29429734
202.0,51.43538,112.00746,0.29350615
203.0,51.53608,112.2986,0.28976464
204.0,51.631508,112.59244,0.28458285
205.0,51.71885,112.866165,0.2795688
206.0,51.80288,113.14546,0.2760396
207.0,51.885735,113.40086,0.2746836
208.0,51.965393,113.68751,0.275378
209.0,52.03711,113.95425,0.27723706
210.0,52.109962,114.23587,0.27888846
211.0,52.174698,114.50935,0.2788881
212.0,52.23267,114.78595,0.27613938
213.0,52.28508,115.03539,0.27021503
214.0,52.333054,115.29564,0.26142037
215.0,52.374672,115.55586,0.25059843
216.0,52.4132,115.79735,0.23886716
217.0,52.446507,116.02025,0.22729623
218.0,52.478077,116.24553,0.21669376
219.0,52.501125,116.43546,0.20749259
220.0,52.522614,116.64948,0.1998223
221.0,52.534904,116.8255,0.19360852
222.0,52.54656,117.00805,0.18871832
223.0,52.55268,117.19241,0.18505561
224.0,52.552963,117.36159,0.1825751
225.0,52.552296,117.54727,0.18123186
226.0,52.542976,117.71727,0.18085635
227.0,52.53124,117.88785,0.1810267
228.0,52.518555,118.081985,0.1809932
229.0,52.499138,118.24943,0.17972982
230.0,52.478096,118.42891,0.1761769
231.0,52.447727,118.60101,0.16965246
232.0,52.420376,118.768745,0.16036952
233.0,52.383194,118.903824,0.1497736
234.0,52.34374,119.0293,0.14033592
235.0,52.309017,119.1908,0.13451457
236.0,52.264385,119.3272,0.13312733
237.0,52.213276,119.421814,0.13404405
238.0,52.166584,119.58241,0.13238168
239.0,52.11235,119.68803,0.12289941
240.0,52.06005,119.82141,0.1037631
241.0,52.00403,119.89606,0.078891754
242.0,51.94896,119.99797,0.055713892
243.0,51.889324,120.03407,0.039278865
244.0,51.821293,120.07893,0.029529333
245.0,51.748642,120.10489,0.02430445
246.0,51.67812,120.117874,0.022323906
247.0,51.610497,120.160225,0.0230425
248.0,51.537785,120.20125,0.025694668
249.0,51.46754,120.220184,0.029132426
250.0,51.397495,120.25306,0.032164514
251.0,51.32997,120.28955,0.03391087
252.0,51.2542,120.31817,0.033921123
253.0,51.17805,120.35246,0.032112718
254.0,51.09597,120.378105,0.02866137
255.0,51.014706,120.424255,0.023877382
256.0,50.93421,120.45084,0.01812756
257.0,50.853447,120.448944,0.011772633
258.0,50.779358,120.480804,0.005113721
259.0,50.702583,120.488594,-0.0016465187
260.0,50.62481,120.47886,-0.008405685
261.0,50.5458,120.48079,-0.015167594
262.0,50.466442,120.45282,-0.021996915
263.0,50.388557,120.42678,-0.028992474
264.0,50.307804,120.400764,-0.036230743
265.0,50.230217,120.35535,-0.043737948
266.0,50.150032,120.29222,-0.051484287
267.0,50.07619,120.249725,-0.059381306
268.0,50.00274,120.20857,-0.06730628
269.0,49.92989,120.14749,-0.07512128
270.0,49.857086,120.04903,-0.08270419
271.0,49.785133,119.96514,-0.08995342
272.0,49.714325,119.88124,-0.09679675
273.0,49.644527,119.78377,-0.10318601
274.0,49.575333,119.68028,-0.109075785
275.0,49.506546,119.557144,-0.114397645
276.0,49.439014,119.45259,-0.11904836
277.0,49.3778,119.3366,-0.12284529
278.0,49.312675,119.20265,-0.12551808
279.0,49.254887,119.08659,-0.12668222
280.0,49.193542,118.94916,-0.12582165
281.0,49.134026,118.8036,-0.122294724
282.0,49.079178,118.698135,-0.11534673
283.0,49.02538,118.604996,-0.1041463
284.0,48.971188,118.505066,-0.08784634
285.0,48.917625,118.42635,-0.06565583
286.0,48.86557,118.35814,-0.036955953
287.0,48.82051,118.3476,-0.0013666153
288.0,48.77306,118.37224,0.041174054
289.0,48.726967,118.43356,0.09036422
290.0,48.68775,118.54712,0.14551413
291.0,48.646564,118.7213,0.20549464
292.0,48.6063,118.96144,0.2686075
293.0,48.57711,119.26733,0.33234668
294.0,48.54176,119.62039,0.39297545
295.0,48.50483,120.0397,0.44494438
296.0,48.45807,120.51027,0.48023206
297.0,48.414764,120.99152,0.48778504
298.0,48.367386,121.47317,0.45368677
299.0,48.38227,121.90254,0.3641271
300.0,48.37137,122.12934,0.21745712
301.0,49.11995,122.348175,0.054478586
302.0,51.449898,122.45801,-0.0193218
303.0,54.81416,122.453156,0.07215166
304.0,59.157207,122.640114,0.2573459
305.0,64.56298,122.98853,0.44007635
306.0,71.37225,123.51663,0.6328832
307.0,79.61274,124.34501,0.9642471
308.0,89.09625,125.57038,1.5651703
309.0,99.61236,127.53558,2.393826
310.0,111.21384,130.34076,3.2825959
311.0,123.894394,134.05386,4.1020064
312.0,138.19733,138.53172,4.863787
313.0,153.53384,143.77563,5.817634
314.0,169.93544,150.15851,6.9792943
315.0,186.31374,157.69485,8.079016
316.0,203.66313,166.20105,9.058766
317.0,221.77011,175.6849,9.972998
318.0,240.09918,186.16553,10.885125
319.0,258.21588,197.46393,11.794377
320.0,275.6592,209.75412,12.666182
321.0,292.3824,222.8016,13.474102
322.0,308.2842,236.63719,14.18057
323.0,323.19675,251.10925,14.739584
324.0,336.60574,266.15765,15.133211
325.0,348.1471,281.39664,15.374032
326.0,357.54514,296.78802,15.474228
327.0,364.6015,312.35007,15.436476
328.0,369.00385,327.71182,15.259292
329.0,370.61993,342.79205,14.939144
330.0,369.43744,357.5629,14.468735
331.0,365.44254,371.72253,13.8376875
332.0,358.9428,385.22427,13.042005
333.0,350.32632,397.79282,12.098024
334.0,339.88684,409.34943,11.044747
335.0,328.082,419.8313,9.932042
336.0,315.03586,429.16925,8.803998
337.0,301.07465,437.4066,7.682966
338.0,286.2981,444.53735,6.5728707
339.0,271.05103,450.53943,5.474399
340.0,255.95654,455.48193,4.3886604
341.0,241.14857,459.3619,3.3158479
342.0,226.59831,462.1151,2.2595143
343.0,213.04184,463.81158,1.2386457
344.0,200.22101,464.53116,0.29579353
345.0,188.24431,464.40564,-0.53154933
346.0,176.957,463.51602,-1.2616553
347.0,166.15395,461.97626,-1.9511018
348.0,156.10242,459.60504,-2.6259596
349.0,146.78987,456.62885,-3.2523882
350.0,138.35089,453.0436,-3.7647376
351.0,130.61682,449.12494,-4.1265726
352.0,123.4993,444.8585,-4.366102
353.0,116.88017,440.35916,-4.5467677
354.0,110.815445,435.74835,-4.719882
355.0,105.237175,430.9586,-4.907924
356.0,100.15352,425.95053,-5.1115947
357.0,95.512985,420.64603,-5.3205442
358.0,91.29866,415.3013,-5.5208144
359.0,87.42296,409.66525,-5.6991105
360.0,83.88577,403.86194,-5.8450346
361.0,80.60922,397.95547,-5.952237
362.0,77.574234,391.98907,-6.018954
363.0,74.81807,385.97095,-6.0477424
364.0,72.286766,379.9229,-6.0444493
365.0,69.930664,373.88297,-6.016566
366.0,67.75426,367.88135,-5.97146
367.0,65.73397,361.95642,-5.91511
368.0,63.84899,356.0792,-5.8517475
369.0,62.092773,350.22394,-5.784312
370.0,60.4603,344.47482,-5.7150006
371.0,58.9362,338.7956,-5.6453457
372.0,57.519394,333.1675,-5.575785
373.0,56.191208,327.66348,-5.5054884
374.0,54.934162,322.13995,-5.432802
375.0,53.751907,316.77213,-5.356213
376.0,52.642223,311.4519,-5.275036
377.0,51.59811,306.19,-5.1896234
378.0,50.61715,301.05215,-5.101116
379.0,49.687572,295.94327,-5.010951
380.0,48.81118,291.0187,-4.9205594
381.0,47.97402,286.14163,-4.8310986
382.0,47.18553,281.3526,-4.7433767
383.0,46.437977,276.60547,-4.6578875
384.0,45.730392,272.01624,-4.5748134
385.0,45.059456,267.47113,-4.494125
386.0,44.421185,263.0658,-4.415657
387.0,43.814373,258.6739,-4.3391333
388.0,43.23366,254.33203,-4.264229
389.0,42.682957,250.14699,-4.19061
390.0,42.1593,246.02509,-4.117906
391.0,41.661407,241.92024,-4.045759
392.0,41.186962,237.8917,-3.9737887
393.0,40.738087,233.99524,-3.9016056
394.0,40.31314,230.11981,-3.8288283
395.0,39.90883,226.33768,-3.7550638
396.0,39.527813,222.59624,-3.6799493
397.0,39.170464,218.95824,-3.6031566
398.0,38.83871,215.38422,-3.5244408
399.0,38.532433,211.92554,-3.4436624
400.0,38.253235,208.52963,-3.3608348
401.0,38.002655,205.19492,-3.2761383
402.0,37.789097,202.00536,-3.1899266
403.0,37.606747,198.86078,-3.1027164
404.0,37.461437,195.8206,-3.0151136
405.0,37.36219,192.85576,-2.9277787
406.0,37.305202,189.98288,-2.841298
407.0,37.304737,187.19092,-2.7561421
408.0,37.358574,184.49684,-2.6725576
409.0,37.476715,181.88878,-2.5905561
410.0,37.659634,179.3563,-2.5098548
411.0,37.90947,176.88309,-2.429923
412.0,38.233883,174.50218,-2.3500235
413.0,38.63239,172.21265,-2.26927
414.0,39.112896,169.98837,-2.1867404
415.0,39.669155,167.86328,-2.10154
416.0,40.307518,165.81969,-2.0129168
417.0,41.031075,163.87454,-1.9202812
418.0,41.836815,162.00772,-1.8232737
419.0,42.7299,160.25308,-1.721729
420.0,43.711353,158.57874,-1.6156824
421.0,44.77469,157.031,-1.505265
422.0,45.9196,155.605,-1.3906647
423.0,47.15551,154.2687,-1.272017
424.0,48.465553,153.07053,-1.1493737
425.0,49.870728,152.00595,-1.022615
426.0,51.346416,151.04015,-0.89149094
427.0,52.90404,150.19962,-0.7556137
428.0,54.54861,149.52261,-0.61459994
429.0,56.27739,149.00276,-0.46814477
430.0,58.068974,148.6316,-0.31633306
431.0,59.927563,148.3789,-0.15977907
432.0,61.86777,148.29333,-5.686283e-05
433.0,63.87693,148.3689,0.16007209
434.0,65.9272,148.60233,0.3163702
435.0,68.04599,148.98592,0.4632501
436.0,70.20691,149.53102,0.5944131
437.0,72.42836,150.18158,0.70445436
438.0,74.690186,150.92328,0.79142904
439.0,76.99608,151.74384,0.8594297
440.0,79.337494,152.61186,0.91965795
441.0,81.716934,153.55104,0.98795116
442.0,84.084755,154.57016,1.0795703
443.0,86.482025,155.72017,1.2040278
444.0,88.83795,156.9768,1.3626003
445.0,91.164856,158.42625,1.5481948
446.0,93.445816,160.06635,1.7465696
447.0,95.715355,161.91191,1.9388896
448.0,97.98319,163.93622,2.106818
449.0,100.23108,166.11304,2.2387953
450.0,102.43495,168.40712,2.3320396
451.0,104.56478,170.79956,2.3877006
452.0,106.592415,173.2031,2.4071088
453.0,108.48056,175.63068,2.39426
454.0,110.199615,177.98175,2.3588197
455.0,111.81126,180.36807,2.3150976
456.0,113.294754,182.66476,2.2782555
457.0,114.64058,184.89932,2.25978
458.0,115.869354,187.17029,2.2640328
459.0,116.938255,189.46545,2.2873406
460.0,117.81684,191.774,2.3199644
461.0,118.49931,194.09366,2.3497462
462.0,118.99397,196.47345,2.3654947
463.0,119.26713,198.84415,2.3590791
464.0,119.30999,201.16718,2.3259358
465.0,119.147736,203.4653,2.2646394
466.0,118.78342,205.72798,2.175994
467.0,118.18304,207.81053,2.0623045
468.0,117.36482,209.80368,1.9272251
469.0,116.329254,211.67365,1.7759655
470.0,115.04386,213.32925,1.6155682
471.0,113.58097,214.88959,1.4542322
472.0,111.913574,216.24162,1.2994092
473.0,110.07092,217.5123,1.1548227
474.0,108.053085,218.56042,1.0181952
475.0,105.902466,219.53082,0.88107264
476.0,103.602066,220.35278,0.7316508
477.0,101.17531,221.00316,0.5596496
478.0,98.67279,221.48686,0.36168563
479.0,96.108284,221.75024,0.14478433
480.0,93.51131,221.77249,-0.07400775
481.0,90.91879,221.6254,-0.27389097
482.0,88.27673,221.26138,-0.4401281
483.0,85.64917,220.75742,-0.57145405
484.0,83.021225,220.11807,-0.6792382
485.0,80.392685,219.38449,-0.78028244
486.0,77.81401,218.55925,-0.8890241
487.0,75.29675,217.5896,-1.0127237
488.0,72.886475,216.49265,-1.1497974
489.0,70.58362,215.2691,-1.2924569
490.0,68.36903,213.89236,-1.4329878
491.0,66.20802,212.39456,-1.5670128
492.0,64.09984,210.74782,-1.6911486
493.0,62.066177,208.98734,-1.800446
494.0,60.1351,207.12634,-1.8896083
495.0,58.293636,205.19131,-1.9561529
496.0,56.53064,203.23322,-2.0024443
497.0,54.841434,201.18314,-2.03474
498.0,53.239307,199.11316,-2.0603175
499.0,51.712345,197.06152,-2.0848787
500.0,50.267048,194.95596,-2.1113482
501.0,48.89708,192.7965,-2.1397812
502.0,47.595047,190.66339,-2.1681287
503.0,46.357544,188.46915,-2.1935177
504.0,45.187088,186.27284,-2.2135606
505.0,44.07518,184.0252,-2.2271712
506.0,43.02786,181.83246,-2.2346888
507.0,42.044777,179.58975,-2.2374654
508.0,41.116905,177.33084,-2.2372313
509.0,40.252815,175.10663,-2.2354598
510.0,39.442535,172.85236,-2.233063
511.0,38.688736,170.62259,-2.2303333
512.0,37.987675,168.39163,-2.227059
513.0,37.333145,166.1728,-2.2226338
514.0,36.726624,163.94754,-2.216105
515.0,36.17042,161.7507,-2.2060885
516.0,35.672844,159.55905,-2.1908088
517.0,35.21833,157.39249,-2.168316
518.0,34.810486,155.2411,-2.1369488
519.0,34.44985,153.13702,-2.0959542
520.0,34.136135,151.04433,-2.0459404
521.0,33.867798,149.03381,-1.9888601
522.0,33.64699,147.0708,-1.9275649
523.0,33.472305,145.17883,-1.8650746
524.0,33.34467,143.36029,-1.8039378
525.0,33.25726,141.57336,-1.7458224
526.0,33.214226,139.86096,-1.6914357
527.0,33.209576,138.21336,-1.6406381
528.0,33.246975,136.59985,-1.5927337
529.0,33.325294,135.02863,-1.5467138
530.0,33.44637,133.5091,-1.5015513
531.0,33.602253,132.04602,-1.4563367
532.0,33.794342,130.58592,-1.4103862
533.0,34.022705,129.2171,-1.3632383
534.0,34.28494,127.8721,-1.3146173
535.0,34.578735,126.57816,-1.264355
536.0,34.90574,125.345535,-1.2123244
537.0,35.263332,124.14911,-1.1584022
538.0,35.65776,123.030045,-1.1024818
539.0,36.07997,121.93529,-1.0445602
540.0,36.531548,120.91672,-0.98478484
541.0,37.010574,119.981445,-0.92355263
542.0,37.517982,119.091965,-0.86150074
543.0,38.048527,118.24118,-0.7994977
544.0,38.603104,117.484406,-0.7385161
545.0,39.18805,116.772766,-0.67953193
546.0,39.79616,116.123924,-0.6233444
547.0,40.42237,115.52923,-0.57047343
548.0,41.076614,114.993484,-0.5209873
549.0,41.745438,114.47949,-0.4743898
550.0,42.443092,114.036835,-0.42937398
551.0,43.1618,113.633896,-0.38352275
552.0,43.89938,113.275635,-0.3330691
553.0,44.6547,112.97668,-0.27400488
554.0,45.420044,112.73866,-0.20516616
555.0,46.190887,112.56392,-0.1300301
556.0,46.97459,112.499825,-0.05328399
557.0,47.783287,112.48847,0.023254871
558.0,48.61787,112.56121,0.099755764
559.0,49.46746,112.69499,0.17513168
560.0,50.323578,112.91646,0.24563706
561.0,51.188385,113.19917,0.30588508
562.0,52.056934,113.543686,0.35149646
563.0,52.937935,113.91687,0.38188255
564.0,53.82396,114.31679,0.4014207
565.0,54.717796,114.73885,0.4177246
566.0,55.614983,115.17613,0.4381181
567.0,56.514626,115.638504,0.4668442
568.0,57.408722,116.12181,0.50451386
569.0,58.30909,116.661285,0.54927087
570.0,59.21074,117.24249,0.59830946
571.0,60.097767,117.86258,0.648961
572.0,60.983,118.531296,0.699174
573.0,61.863758,119.26939,0.7475948
574.0,62.736202,120.04553,0.79343414
575.0,63.59453,120.84952,0.83629787
576.0,64.449356,121.70974,0.8760133
577.0,65.27895,122.60776,0.9125165
578.0,66.09912,123.52017,0.94576883
579.0,66.9026,124.49501,0.9757408
580.0,67.68102,125.47365,1.0023823
581.0,68.452484,126.49892,1.0256492
582.0,69.1933,127.538506,1.0455053
583.0,69.91211,128.5912,1.061942
584.0,70.59224,129.647,1.0749881
585.0,71.24981,130.71667,1.0847172
586.0,71.88125,131.82645,1.091253
587.0,72.47417,132.89017,1.0947659
588.0,73.04061,133.979,1.0954711
589.0,73.57609,135.0808,1.093617
590.0,74.080215,136.19826,1.0894845
591.0,74.55296,137.29724,1.0833719
592.0,74.97238,138.3648,1.0755891
593.0,75.35285,139.45119,1.0664454
594.0,75.699196,140.51231,1.0562361
595.0,75.99002,141.53784,1.045232
596.0,76.243385,142.58362,1.0336651
597.0,76.460144,143.62537,1.0217052
598.0,76.62925,144.63934,1.0094448
599.0,76.76129,145.6647,0.9968667
600.0,76.82915,146.63396,0.9838213
601.0,76.865265,147.59485,0.9699998
602.0,76.851456,148.56473,0.95489705
603.0,76.78897,149.5055,0.93779016
604.0,76.681694,150.45987,0.9177008
605.0,76.52283,151.37695,0.89336675
606.0,76.315735,152.26016,0.86320835
607.0,76.05968,153.09721,0.8253631
608.0,75.77089,153.91623,0.7778614
609.0,75.43524,154.64365,0.7191695
610.0,75.06253,155.34288,0.6492051
611.0,74.63764,155.95522,0.57081234
612.0,74.175385,156.48383,0.4908898
613.0,73.676,156.92647,0.4198041
614.0,73.14201,157.33014,0.367481
615.0,72.57466,157.68422,0.33643627
616.0,71.974594,158.00974,0.31585348
617.0,71.33064,158.2901,0.2852713
618.0,70.67743,158.56265,0.23171806
619.0,69.978165,158.75128,0.16354346
620.0,69.273575,158.90881,0.10062075
621.0,68.53828,158.94247,0.05461675
622.0,67.79913,158.9972,0.023135602
623.0,67.04318,159.02805,-0.0038855672
624.0,66.24402,158.98132,-0.036929786
625.0,65.43607,158.9696,-0.08314687
626.0,64.60161,158.8606,-0.14511907
627.0,63.771694,158.65851,-0.22102118
628.0,62.95173,158.43655,-0.30563724
629.0,62.15,158.0574,-0.3921709
630.0,61.3834,157.6239,-0.47424614
631.0,60.61982,157.12372,-0.5463706
632.0,59.82709,156.5339,-0.6020838
633.0,59.021248,155.92422,-0.6328387
634.0,58.199787,155.29013,-0.63262177
635.0,57.4338,154.67596,-0.6042534
636.0,56.692394,154.07944,-0.55676043
637.0,55.97587,153.54907,-0.49671125
638.0,55.252533,153.10399,-0.42499346
639.0,54.521744,152.74545,-0.34209615
640.0,53.789356,152.42311,-0.25522882
641.0,53.09467,152.20103,-0.17879897
642.0,52.451927,152.06546,-0.12904984
643.0,51.837452,151.93298,-0.12106645
644.0,51.23275,151.78412,-0.17030466
645.0,50.634552,151.56049,-0.2911129
646.0,50.00454,151.18579,-0.4863317
647.0,49.390556,150.55612,-0.73533356
648.0,48.871815,149.67194,-0.9947362
649.0,48.432446,148.58235,-1.2124915
650.0,48.057796,147.28705,-1.3472028
651.0,48.10738,145.88701,-1.3826059
652.0,48.787064,144.52847,-1.3268936
653.0,50.19651,143.26547,-1.1989418
654.0,52.22838,142.14914,-1.0158213
655.0,54.717564,141.23157,-0.78841895
656.0,57.702164,140.58112,-0.5223535
657.0,61.235832,140.18962,-0.22049493
658.0,65.22876,140.12337,0.11486083
659.0,69.67569,140.42192,0.480295
660.0,74.5084,141.10333,0.87060106
661.0,79.75296,142.1684,1.2785869
662.0,85.449135,143.6676,1.6957957
663.0,91.432526,145.54306,2.1133728
664.0,97.81381,147.87726,2.5236025
665.0,104.50246,150.60461,2.920957
666.0,111.45526,153.69406,3.3031344
667.0,118.68085,157.1758,3.6710374
668.0,126.220085,161.02959,4.0281734
669.0,133.96382,165.24326,4.3793216
670.0,141.85353,169.78796,4.7286735
671.0,149.80367,174.69733,5.078395
672.0,157.76176,179.9422,5.427667
673.0,165.58055,185.5597,5.772872
674.0,173.19838,191.47754,6.1083612
675.0,180.58151,197.75253,6.427817
676.0,187.60184,204.34569,6.724832
677.0,194.20055,211.21664,6.9933968
678.0,200.31773,218.31674,7.227364
679.0,205.8685,225.64587,7.419321
680.0,210.72311,233.11392,7.5588627
681.0,214.80911,240.71075,7.631594
682.0,218.0189,248.39816,7.6208096
683.0,220.15515,255.94678,7.5145736
684.0,221.21356,263.37766,7.317314
685.0,221.15926,270.5485,7.0555677
686.0,220.02802,277.43,6.7642007
687.0,217.94635,284.02884,6.459637
688.0,215.0026,290.38412,6.1310015
689.0,211.21416,296.26312,5.757317
690.0,206.68109,301.83374,5.3267193
691.0,201.44092,306.89127,4.8419857
692.0,195.53357,311.47992,4.3172626
693.0,189.11995,315.52042,3.7722108
694.0,182.35477,318.9978,3.2260165
695.0,175.3754,321.91077,2.6925063
696.0,168.33635,324.3265,2.17737
697.0,161.2867,326.2166,1.6791618
698.0,154.36319,327.63507,1.1924504
699.0,147.51071,328.5513,0.7120211
700.0,140.98256,328.97995,0.23478782
701.0,134.63591,328.99506,-0.24049854
702.0,128.3515,328.44598,-0.7129221
703.0,122.45376,327.45145,-1.1724583
704.0,116.86203,326.03137,-1.589562
705.0,111.745224,324.29034,-1.9204447
706.0,106.93532,322.24402,-2.1459155
707.0,102.241684,319.97784,-2.3005672
708.0,97.7572,317.61838,-2.4406972
709.0,93.54454,315.07043,-2.5981948
710.0,89.602615,312.39374,-2.773499
711.0,85.861595,309.49017,-2.9512806
712.0,82.41644,306.49472,-3.1144078
713.0,79.25107,303.26825,-3.2507133
714.0,76.330605,299.93518,-3.3555405
715.0,73.6223,296.5354,-3.4317436
716.0,71.07002,293.0643,-3.4874911
717.0,68.650795,289.54565,-3.5323114
718.0,66.36275,285.99084,-3.5735433
719.0,64.21118,282.41498,-3.6147828
720.0,62.18864,278.7492,-3.6562939
721.0,60.300945,275.11243,-3.6962743
722.0,58.531982,271.36462,-3.731971
723.0,56.87772,267.62537,-3.7603922
724.0,55.33965,263.8739,-3.778698
725.0,53.883453,260.06232,-3.7846422
726.0,52.516907,256.26306,-3.7770884
727.0,51.217445,252.51874,-3.7564266
728.0,49.98238,248.78238,-3.724576
729.0,48.810143,245.07205,-3.684485
730.0,47.71376,241.42578,-3.639349
731.0,46.671764,237.82431,-3.5919573
732.0,45.684853,234.24301,-3.5443177
733.0,44.736084,230.70404,-3.4975948
734.0,43.843464,227.24582,-3.4522915
735.0,42.997375,223.84268,-3.4084837
736.0,42.197113,220.45352,-3.3660316
737.0,41.43667,217.14558,-3.3247209
738.0,40.707798,213.83815,-3.2843752
739.0,40.00744,210.57047,-3.2447994
740.0,39.33321,207.34935,-3.205783
741.0,38.69624,204.17685,-3.167023
742.0,38.10204,201.02118,-3.1281018
743.0,37.542137,197.9385,-3.088455
744.0,37.01777,194.86731,-3.04743
745.0,36.52363,191.85555,-3.0043273
746.0,36.068672,188.90616,-2.9584699
747.0,35.6412,185.95946,-2.9092898
748.0,35.249245,183.10202,-2.8563607
749.0,34.899136,180.26678,-2.7994509
750.0,34.588394,177.50677,-2.738498
751.0,34.324406,174.79901,-2.6736455
752.0,34.101376,172.17624,-2.6051733
753.0,33.92961,169.59293,-2.5334992
754.0,33.80616,167.11972,-2.4591322
755.0,33.73568,164.70755,-2.3826609
756.0,33.716957,162.37492,-2.304703
757.0,33.751858,160.12228,-2.2258987
758.0,33.84941,157.9545,-2.1468585
759.0,34.006584,155.83354,-2.0681725
760.0,34.225677,153.81473,-1.9903157
761.0,34.504,151.86371,-1.9136813
762.0,34.84435,149.99637,-1.8384972
763.0,35.24491,148.19345,-1.7648401
764.0,35.70524,146.46149,-1.692618
765.0,36.223404,144.80206,-1.6216302
766.0,36.797012,143.23836,-1.5515741
767.0,37.435123,141.7226,-1.4821498
768.0,38.13547,140.26715,-1.4130934
769.0,38.89982,138.89716,-1.3441806
770.0,39.730976,137.58368,-1.275149
771.0,40.615,136.3591,-1.2054564
772.0,41.550888,135.18233,-1.1339554
773.0,42.532932,134.06248,-1.0585148
774.0,43.573376,133.06105,-0.9759297
775.0,44.661915,132.12885,-0.8824752
776.0,45.801575,131.30617,-0.77540845
777.0,46.992954,130.58679,-0.65454155
778.0,48.233234,129.98244,-0.5227758
779.0,49.546906,129.53442,-0.38503867
780.0,50.91205,129.21764,-0.24666959
781.0,52.3097,129.02303,-0.112231374
782.0,53.73829,128.95422,0.0148637295
783.0,55.219116,129.05801,0.13243735
784.0,56.736565,129.21793,0.23953485
785.0,58.301544,129.51236,0.33659518
786.0,59.89388,129.89946,0.4253707
787.0,61.503155,130.34538,0.50854623
788.0,63.1618,130.9071,0.5889244
789.0,64.84442,131.53517,0.66870224
790.0,66.570595,132.23251,0.7490503
791.0,68.30343,133.03629,0.83020645
792.0,70.05403,133.91997,0.9117784
793.0,71.794174,134.83734,0.9931465
794.0,73.54311,135.87325,1.0737078
795.0,75.29325,137.01086,1.1530232
796.0,77.04335,138.18715,1.2308326
797.0,78.78713,139.46782,1.3069849
798.0,80.51837,140.81186,1.3813869
799.0,82.21955,142.21867,1.4539127
800.0,83.89055,143.6813,1.5243629
801.0,85.54143,145.25746,1.5924315
802.0,87.15499,146.8867,1.6576926
803.0,88.71954,148.5856,1.7196367
804.0,90.23801,150.35422,1.7776517
805.0,91.68968,152.13828,1.8310628
806.0,93.090836,154.02026,1.8791322
807.0,94.41594,155.94168,1.9210579
808.0,95.66243,157.88483,1.9559243
809.0,96.82286,159.85474,1.9826951
810.0,97.88492,161.83583,2.0002022
811.0,98.8716,163.87321,2.0072331
812.0,99.76002,165.90707,2.002706
813.0,100.52605,167.89319,1.9859676
814.0,101.182205,169.87332,1.9571526
815.0,101.72172,171.81459,1.9174896
816.0,102.12807,173.70816,1.8694289
817.0,102.42286,175.55443,1.8163804
818.0,102.58511,177.34409,1.7620931
819.0,102.613556,179.08115,1.70975
820.0,102.506805,180.75308,1.6610868
821.0,102.27524,182.39359,1.6158482
822.0,101.90309,184.00201,1.5717854
823.0,101.38242,185.54105,1.5251554
824.0,100.71661,187.02133,1.4714913
825.0,99.92496,188.47089,1.4064801
826.0,98.997925,189.8428,1.3267546
827.0,97.93403,191.1002,1.2304869
828.0,96.75767,192.28346,1.1176636
829.0,95.46561,193.35413,0.99017745
830.0,94.05645,194.25897,0.8515248
831.0,92.5529,195.03429,0.7062302
832.0,90.952896,195.65588,0.55907786
833.0,89.26297,196.12288,0.41444087
834.0,87.50183,196.45316,0.2755288
835.0,85.690186,196.65265,0.14401257
836.0,83.82572,196.73247,0.01998341
837.0,81.92446,196.68964,-0.09757805
838.0,80.00008,196.51044,-0.21038353
839.0,78.05884,196.24576,-0.3201158
840.0,76.11201,195.84119,-0.42816162
841.0,74.1671,195.35735,-0.53526825
842.0,72.23342,194.73407,-0.6416376
843.0,70.331215,194.03825,-0.74699503
844.0,68.45598,193.2544,-0.8507709
845.0,66.61452,192.32928,-0.9522864
846.0,64.81356,191.31755,-1.0507925
847.0,63.05773,190.22571,-1.1456542
848.0,61.343044,189.00745,-1.2362537
849.0,59.68673,187.73499,-1.3220835
850.0,58.086254,186.34381,-1.4025548
851.0,56.538864,184.89265,-1.4769408
852.0,55.05839,183.39774,-1.5442362
853.0,53.63049,181.81708,-1.6031126
854.0,52.261883,180.19514,-1.6520133
855.0,50.942635,178.50342,-1.6894673
856.0,49.699158,176.82434,-1.7146802
857.0,48.50912,175.08902,-1.7280492
858.0,47.381435,173.35876,-1.7314432
859.0,46.307095,171.62784,-1.7279851
860.0,45.27858,169.91667,-1.721417
861.0,44.316708,168.19748,-1.7153332
862.0,43.398617,166.47678,-1.7125404
863.0,42.54825,164.7796,-1.7146485
864.0,41.749134,163.05939,-1.7219281
865.0,41.007538,161.34543,-1.733335
866.0,40.310123,159.59164,-1.7467151
867.0,39.666393,157.84705,-1.7591748
868.0,39.062447,156.0744,-1.7676336
869.0,38.507877,154.30573,-1.7695928
870.0,38.001774,152.54192,-1.7640909
871.0,37.540092,150.80148,-1.7525613
872.0,37.127502,149.04239,-1.7386805
873.0,36.75544,147.32156,-1.726279
874.0,36.42847,145.59044,-1.7159404
875.0,36.143726,143.87387,-1.7037191
876.0,35.896637,142.1941,-1.6840963
877.0,35.691696,140.51161,-1.6542447
878.0,35.525635,138.8778,-1.615309
879.0,35.39704,137.28156,-1.5705316
880.0,35.30417,135.72601,-1.5228822
881.0,35.25196,134.21643,-1.4739814
882.0,35.23087,132.77643,-1.4243169
883.0,35.24295,131.3615,-1.3739331
884.0,35.287354,130.0204,-1.3229115
885.0,35.36321,128.70593,-1.2715585
886.0,35.464096,127.47196,-1.2203677
887.0,35.5998,126.27879,-1.1699295
888.0,35.762375,125.12825,-1.1207573
889.0,35.954918,124.00854,-1.0732406
890.0,36.172985,122.97807,-1.027554
891.0,36.416504,121.97008,-0.9837016
892.0,36.68423,121.021355,-0.9414969
893.0,36.97432,120.0936,-0.9006116
894.0,37.284897,119.21252,-0.860616
895.0,37.61625,118.37424,-0.8210378
896.0,37.966843,117.57483,-0.7814105
897.0,38.339565,116.81522,-0.74130934
898.0,38.730907,116.10277,-0.70040506
899.0,39.147167,115.41399,-0.6584559
900.0,39.57851,114.78677,-0.6153367
901.0,40.026657,114.20299,-0.57103133
902.0,40.491425,113.6505,-0.5256138
903.0,40.967735,113.16094,-0.47922182
904.0,41.458305,112.70543,-0.43205905
905.0,41.96179,112.30217,-0.38436472
906.0,42.481655,111.96599,-0.3363979
907.0,43.011112,111.627365,-0.28840852
908.0,43.55961,111.38183,-0.2406503
909.0,44.115547,111.15784,-0.19335073
910.0,44.685966,111.002014,-0.1467076
911.0,45.265347,110.88056,-0.100872695
912.0,45.849945,110.79111,-0.05596751
913.0,46.446148,110.75494,-0.01206845
914.0,47.04959,110.78734,0.030780733
915.0,47.663113,110.81869,0.072574556
916.0,48.27787,110.92926,0.113309085
917.0,48.906513,111.063675,0.15296847
918.0,49.531864,111.2323,0.19148552
919.0,50.16257,111.4319,0.22871506
920.0,50.79803,111.67814,0.26433635
921.0,51.43523,111.94094,0.2978238
922.0,52.066032,112.26031,0.32835948
923.0,52.705025,112.61594,0.3548646
924.0,53.35038,112.980064,0.37615705
925.0,53.990818,113.355484,0.3914665
926.0,54.627556,113.75801,0.40146977
927.0,55.26622,114.14482,0.40955
928.0,55.896515,114.57834,0.42196792
929.0,56.519855,115.0035,0.44511992
930.0,57.131054,115.46328,0.48104852
931.0,57.747643,115.969055,0.52592736
932.0,58.36366,116.53314,0.57327217
933.0,58.96538,117.13344,0.61769587
934.0,59.547043,117.76459,0.65631837
935.0,60.10728,118.44571,0.68831515
936.0,60.649815,119.135605,0.7140659
937.0,61.20037,119.86917,0.7344923
938.0,61.748,120.61022,0.7506288
939.0,62.27598,121.366806,0.7634351
940.0,62.78486,122.139206,0.7736691
941.0,63.28513,122.91086,0.78191257
942.0,63.771484,123.69802,0.78861344
943.0,64.23535,124.48647,0.7941341
944.0,64.6501,125.28004,0.7987421
945.0,65.04411,126.08234,0.8024458
946.0,65.42617,126.87196,0.8049453
947.0,65.79557,127.67474,0.8055317
948.0,66.14934,128.47426,0.80328804
949.0,66.47339,129.27155,0.7973401
950.0,66.778366,130.05403,0.7872427
951.0,67.0635,130.82625,0.773251
952.0,67.3098,131.59299,0.75638676
953.0,67.533615,132.32945,0.7382964
954.0,67.7371,133.05394,0.7209339
955.0,67.90992,133.77054,0.7062119
956.0,68.05904,134.46272,0.6955216
957.0,68.18697,135.15399,0.68943393
958.0,68.277435,135.8403,0.68749285
959.0,68.33547,136.52934,0.6882783
960.0,68.38037,137.21951,0.689708
961.0,68.38632,137.9107,0.6895037
962.0,68.367065,138.60286,0.68564767
963.0,68.32443,139.28821,0.67669255
964.0,68.25366,139.95874,0.6619021
965.0,68.16658,140.62543,0.64119536
966.0,68.04441,141.24843,0.61501426
967.0,67.900024,141.85822,0.584137
968.0,67.72945,142.4392,0.54951185
969.0,67.5245,142.96886,0.5121074
970.0,67.29726,143.46042,0.47284162
971.0,67.05121,143.92415,0.43251967
972.0,66.784615,144.3403,0.39180434
973.0,66.48956,144.69522,0.3512106
974.0,66.18263,145.04642,0.31113505
975.0,65.84607,145.34048,0.27185762
976.0,65.49111,145.59296,0.23357093
977.0,65.11701,145.79767,0.19640934
978.0,64.72977,145.9884,0.16045457
979.0,64.332664,146.13982,0.12577432
980.0,63.915634,146.2497,0.09243137
981.0,63.488285,146.32312,0.060493648
982.0,63.04942,146.38011,0.030035794
983.0,62.596848,146.40286,0.0011590123
984.0,62.129818,146.38864,-0.026022494
985.0,61.659157,146.34615,-0.05137998
986.0,61.18014,146.29483,-0.07480419
987.0,60.69569,146.2073,-0.096220136
988.0,60.200554,146.08908,-0.11566889
989.0,59.707916,145.9574,-0.1333772
990.0,59.21692,145.81628,-0.14984787
991.0,58.727333,145.67213,-0.1658591
992.0,58.231255,145.49252,-0.18240654
993.0,57.732307,145.28714,-0.20050669
994.0,57.243324,145.07933,-0.22095823
995.0,56.759476,144.84363,-0.2441284
996.0,56.273293,144.5607,-0.2698589
997.0,55.79776,144.29501,-0.29753703
998.0,55.326042,143.96829,-0.32626218
999.0,54.860695,143.6213,-0.35507292
1000.0,54.40431,143.24858,-0.38313395
1001.0,53.96172,142.86531,-0.40983158
1002.0,53.525192,142.43912,-0.43479425
1003.0,53.0985,141.97794,-0.45785046
1004.0,52.67828,141.50165,-0.47895968
1005.0,52.273834,141.01257,-0.49819613
1006.0,51.88124,140.50479,-0.51578724
1007.0,51.498436,139.98012,-0.53206027
1008.0,51.132835,139.44214,-0.5472237
1009.0,50.774963,138.87602,-0.56108165
1010.0,50.432083,138.33536,-0.5729089
1011.0,50.101707,137.73718,-0.5816685
1012.0,49.78671,137.1583,-0.5864839
1013.0,49.4828,136.57123,-0.58707505
1014.0,49.193787,135.99022,-0.583857
1015.0,48.917248,135.40582,-0.57776636
1016.0,48.653706,134.84528,-0.5699387
1017.0,48.40451,134.27838,-0.561451
1018.0,48.171444,133.72415,-0.5531468
1019.0,47.94902,133.16638,-0.5455795
1020.0,47.742687,132.6203,-0.53904057
1021.0,47.5483,132.08923,-0.5335984
1022.0,47.36776,131.55716,-0.5291724
1023.0,47.199047,131.0267,-0.5255799
1024.0,47.044586,130.5315,-0.52259207
1025.0,46.902054,129.9859,-0.5199646
1026.0,46.77278,129.47702,-0.5174602
1027.0,46.653793,128.96048,-0.5148667
1028.0,46.54898,128.45468,-0.51199746
1029.0,46.45435,127.94868,-0.5086927
1030.0,46.370068,127.42969,-0.5048223
1031.0,46.296345,126.936516,-0.5002764
1032.0,46.235905,126.44421,-0.49496442
1033.0,46.185757,125.9448,-0.48881108
1034.0,46.14675,125.463326,-0.48175567
1035.0,46.1183,124.98351,-0.47374696
1036.0,46.09944,124.51267,-0.46474534
1037.0,46.09101,124.06104,-0.4547242
1038.0,46.089,123.5954,-0.44366705
1039.0,46.097767,123.16524,-0.4315784
1040.0,46.112606,122.74213,-0.41847312
1041.0,46.137398,122.33626,-0.4043877
1042.0,46.16872,121.94798,-0.3893808
1043.0,46.209347,121.567665,-0.37352896
1044.0,46.257843,121.195724,-0.35692227
1045.0,46.314148,120.83946,-0.33967328
1046.0,46.377495,120.49703,-0.32189935
1047.0,46.44946,120.19089,-0.3037253
1048.0,46.52391,119.89877,-0.2852674
1049.0,46.60314,119.62659,-0.2666331
1050.0,46.68711,119.3835,-0.24790734
1051.0,46.774734,119.13831,-0.22914988
1052.0,46.869392,118.907646,-0.21038955
1053.0,46.970768,118.719444,-0.19162828
1054.0,47.078373,118.5251,-0.17286563
1055.0,47.194584,118.37409,-0.1541171
1056.0,47.313824,118.22395,-0.13546729
1057.0,47.43644,118.11542,-0.117099404
1058.0,47.556553,117.99671,-0.09936643
1059.0,47.678246,117.9103,-0.0827961
1060.0,47.801693,117.83244,-0.06809795
1061.0,47.93276,117.76643,-0.056089282
1062.0,48.07046,117.72542,-0.047595024
1063.0,48.2089,117.681915,-0.043291748
1064.0,48.344597,117.62574,-0.043531477
1065.0,48.478596,117.58429,-0.04819435
1066.0,48.61358,117.53764,-0.056587994
1067.0,48.753582,117.48111,-0.06744641
1068.0,48.898357,117.410904,-0.07903248
1069.0,49.048462,117.322136,-0.08933824
1070.0,49.197598,117.23566,-0.09637958
1071.0,49.347347,117.12979,-0.09847379
1072.0,49.493683,117.05855,-0.094480515
1073.0,49.638622,116.959015,-0.08389783
1074.0,49.785194,116.89814,-0.06685603
1075.0,49.929718,116.82563,-0.044003487
1076.0,50.0724,116.8175,-0.016346455
1077.0,50.214916,116.81703,0.014899492
1078.0,50.357246,116.85319,0.048438787
1079.0,50.505898,116.9037,0.082895756
1080.0,50.64928,117.0193,0.11678928
1081.0,50.791924,117.15539,0.148498
1082.0,50.934402,117.32073,0.1764316
1083.0,51.07178,117.51694,0.19935077
1084.0,51.201996,117.7196,0.21680695
1085.0,51.329742,117.95081,0.22938627
1086.0,51.45877,118.173195,0.23852807
1087.0,51.58686,118.41274,0.24554843
1088.0,51.71858,118.65541,0.24977887
1089.0,51.839367,118.90425,0.24646866
1090.0,51.95595,119.131,0.22613645
1091.0,52.058968,119.33347,0.17723906
1092.0,52.15833,119.471825,0.09159565
1093.0,52.266094,119.514,-0.03115356
1094.0,52.377983,119.399345,-0.18344891
1095.0,52.4963,119.14371,-0.35308635
1096.0,52.624916,118.687584,-0.52650213
1097.0,52.750652,118.057976,-0.68928117
1098.0,52.87096,117.30157,-0.8236416
1099.0,53.00132,116.40284,-0.90388626
1100.0,52.956985,115.53476,-0.89279467
1101.0,53.54502,114.69243,-0.7442382
1102.0,55.37968,114.08064,-0.42133445
1103.0,58.39736,113.85428,0.072564065
1104.0,62.5887,114.21147,0.6831865
1105.0,67.68642,115.17065,1.3370183
1106.0,73.62457,116.81404,1.9801072
1107.0,80.565765,119.07453,2.588049
1108.0,88.187645,121.91275,3.1533427
1109.0,96.89937,125.309326,3.6760905
1110.0,106.47157,129.23715,4.166886
1111.0,116.77759,133.65134,4.654613
1112.0,127.98354,138.54765,5.178732
1113.0,139.77306,144.00586,5.758978
1114.0,152.08368,150.07025,6.3771286
1115.0,164.79416,156.76106,6.9984994
1116.0,177.96548,163.95041,7.60324
1117.0,191.65001,171.84946,8.205457
1118.0,205.41696,180.33669,8.813605
1119.0,218.91154,189.47366,9.396361
1120.0,232.05318,199.16177,9.932993
1121.0,244.7238,209.28453,10.420909
1122.0,256.85413,219.91418,10.862063
1123.0,268.24777,230.97115,11.25926
1124.0,278.62726,242.39607,11.616022
1125.0,287.77478,254.14474,11.93295
1126.0,295.50266,266.21106,12.197445
1127.0,301.56055,278.45734,12.372858
1128.0,305.73965,290.87225,12.392875
1129.0,307.76007,303.16324,12.183344
1130.0,307.64395,315.113,11.732967
1131.0,305.4639,326.55667,11.120568
1132.0,301.43555,337.37814,10.436824
1133.0,295.77975,347.41675,9.726704
1134.0,288.66998,356.77234,8.9963045
1135.0,280.30817,365.41333,8.2402
1136.0,270.77606,373.29803,7.449494
1137.0,260.1984,380.29022,6.609948
1138.0,248.77661,386.48407,5.7095346
1139.0,237.04599,391.64066,4.7707653
1140.0,225.5202,395.9519,3.898179
1141.0,214.03523,399.5102,3.1795855
1142.0,202.53311,402.27875,2.4928956
1143.0,191.23291,404.3991,1.6863267
1144.0,180.52762,405.55756,0.7487763
1145.0,170.7433,405.86496,-0.14926565
1146.0,161.55463,405.3611,-0.78667116
1147.0,152.69241,404.26303,-1.244662
1148.0,144.06352,402.8178,-1.69297
1149.0,135.82309,400.86627,-2.1542792
1150.0,128.25879,398.46716,-2.598071
1151.0,121.322914,395.66382,-3.0055223
1152.0,114.98561,392.4375,-3.3722122
1153.0,109.16368,388.91208,-3.6981082
1154.0,103.78583,385.06097,-3.98285
1155.0,98.83667,380.95392,-4.2261558
1156.0,94.283554,376.5714,-4.4288177
1157.0,90.05035,372.05585,-4.592186
1158.0,86.105316,367.42566,-4.7174673
1159.0,82.4982,362.62277,-4.8069215
1160.0,79.19603,357.7631,-4.8653984
1161.0,76.14712,352.88626,-4.9003787
1162.0,73.328476,347.96875,-4.920104
1163.0,70.70468,343.0653,-4.931445
1164.0,68.2668,338.11548,-4.938776
1165.0,66.00107,333.08008,-4.94386
1166.0,63.915577,328.18546,-4.9464273
1167.0,61.97256,323.22125,-4.944923
1168.0,60.15725,318.31625,-4.9372706
1169.0,58.468586,313.3816,-4.9215665
1170.0,56.89429,308.4372,-4.896639
1171.0,55.420624,303.51047,-4.8623815
1172.0,54.040245,298.69888,-4.819809
1173.0,52.7395,293.9214,-4.7707133
1174.0,51.505695,289.146,-4.7172494
1175.0,50.34792,284.45367,-4.661342
1176.0,49.259792,279.87292,-4.604318
1177.0,48.225273,275.26868,-4.5467215
1178.0,47.25508,270.72906,-4.4883947
1179.0,46.3369,266.2596,-4.428691
1180.0,45.47048,261.84366,-4.3667574
1181.0,44.64586,257.52203,-4.301815
1182.0,43.86189,253.26823,-4.233394
1183.0,43.11441,249.03276,-4.1616035
1184.0,42.400787,244.86925,-4.087227
1185.0,41.71949,240.8825,-4.0116105
1186.0,41.071316,236.90802,-3.9362233
1187.0,40.454643,232.96677,-3.862277
1188.0,39.870827,229.17415,-3.7904348
1189.0,39.31095,225.37166,-3.7208636
1190.0,38.782413,221.72902,-3.6533349
1191.0,38.277817,218.08916,-3.5874658
1192.0,37.797386,214.50568,-3.5228188
1193.0,37.342728,211.0451,-3.4589906
1194.0,36.91152,207.59807,-3.3956175
1195.0,36.507397,204.24863,-3.3323817
1196.0,36.129646,200.94376,-3.268984
1197.0,35.77884,197.70468,-3.2051272
1198.0,35.46199,194.53976,-3.1404874
1199.0,35.180527,191.42357,-3.0747414
1200.0,34.9323,188.41083,-3.0075598
1201.0,34.725742,185.4201,-2.9386418
1202.0,34.55931,182.51689,-2.8676975
1203.0,34.4354,179.66415,-2.79452
1204.0,34.364315,176.92279,-2.7189646
1205.0,34.34704,174.23064,-2.6409745
1206.0,34.386173,171.64069,-2.5605886
1207.0,34.48763,169.12764,-2.477905
1208.0,34.648064,166.6896,-2.3931146
1209.0,34.87645,164.36404,-2.306454
1210.0,35.172333,162.0979,-2.2181797
1211.0,35.536125,159.92499,-2.1285193
1212.0,35.970154,157.83676,-2.0376725
1213.0,36.47635,155.87411,-1.9457636
1214.0,37.05375,153.94722,-1.8528482
1215.0,37.704796,152.19693,-1.7588825
1216.0,38.42307,150.47305,-1.6638116
1217.0,39.209946,148.86401,-1.567591
1218.0,40.078133,147.38599,-1.470248
1219.0,41.01251,145.95108,-1.3718784
1220.0,42.0209,144.61002,-1.2726433
1221.0,43.09899,143.4007,-1.1726272
1222.0,44.249027,142.29991,-1.0717068
1223.0,45.462563,141.27783,-0.9694398
1224.0,46.74712,140.38104,-0.86517984
1225.0,48.082294,139.56023,-0.75824904
1226.0,49.495285,138.87381,-0.64816296
1227.0,50.968136,138.29875,-0.53470755
1228.0,52.50354,137.81271,-0.41796207
1229.0,54.106216,137.48877,-0.2981645
1230.0,55.774708,137.24127,-0.1756723
1231.0,57.500626,137.12512,-0.050995827
1232.0,59.282433,137.15373,0.07518268
1233.0,61.095894,137.29742,0.201918
1234.0,62.969444,137.5812,0.3281209
1235.0,64.890625,137.97131,0.4526916
1236.0,66.85495,138.4785,0.5747358
1237.0,68.852875,139.11258,0.69364005
1238.0,70.88309,139.85205,0.80916923
1239.0,72.94015,140.7163,0.921403
1240.0,75.03505,141.69913,1.0306451
1241.0,77.13359,142.77934,1.137192
1242.0,79.23822,143.96556,1.2412261
1243.0,81.35065,145.26468,1.3427014
1244.0,83.46156,146.65552,1.441358
1245.0,85.56242,148.13893,1.5367248
1246.0,87.63866,149.711,1.6282243
1247.0,89.69328,151.39445,1.7152562
1248.0,91.71451,153.13531,1.7972809
1249.0,93.686615,154.96661,1.873833
1250.0,95.6151,156.88234,1.9445597
1251.0,97.48109,158.86807,2.009216
1252.0,99.27051,160.913,2.067686
1253.0,100.98827,163.01651,2.1199038
1254.0,102.618095,165.17142,2.165858
1255.0,104.14374,167.341,2.205521
1256.0,105.58034,169.6023,2.2388034
1257.0,106.89721,171.84958,2.2655127
1258.0,108.07057,174.11182,2.285282
1259.0,109.13038,176.42111,2.2975688
1260.0,110.04065,178.72272,2.301641
1261.0,110.79408,181.0297,2.2965894
1262.0,111.39941,183.32233,2.2813642
1263.0,111.8477,185.57318,2.2548609
1264.0,112.12677,187.82336,2.2160401
1265.0,112.234634,190.01257,2.1640902
1266.0,112.1511,192.14291,2.0985987
1267.0,111.885864,194.18323,2.0196524
1268.0,111.44502,196.18561,1.92785
1269.0,110.81639,198.07275,1.824168
1270.0,109.99122,199.81386,1.7098789
1271.0,109.00427,201.48245,1.5863881
1272.0,107.81961,202.995,1.4551697
1273.0,106.47923,204.389,1.3176839
1274.0,104.965256,205.62689,1.1754386
1275.0,103.30372,206.74426,1.0299017
1276.0,101.501396,207.70494,0.88244426
1277.0,99.56459,208.49841,0.7341881
1278.0,97.52367,209.16966,0.58595884
1279.0,95.390625,209.6796,0.4381883
1280.0,93.1785,210.03815,0.29091728
1281.0,90.89875,210.25745,0.14386237
1282.0,88.57365,210.32126,-0.003336072
1283.0,86.21358,210.24365,-0.15101397
1284.0,83.85104,210.0173,-0.2992679
1285.0,81.483154,209.65053,-0.44774514
1286.0,79.127625,209.13348,-0.59560686
1287.0,76.78612,208.45361,-0.74134785
1288.0,74.493454,207.64105,-0.88286465
1289.0,72.23163,206.68167,-1.0176237
1290.0,70.04077,205.59978,-1.1429954
1291.0,67.915474,204.39395,-1.2566333
1292.0,65.83896,203.08409,-1.3569407
1293.0,63.832966,201.67047,-1.4434167
1294.0,61.87637,200.19261,-1.5168469
1295.0,60.013573,198.62177,-1.5791985
1296.0,58.200245,196.98917,-1.633389
1297.0,56.478558,195.31812,-1.6827838
1298.0,54.833706,193.61221,-1.7305684
1299.0,53.267097,191.88031,-1.7790917
1300.0,51.783104,190.07104,-1.8294518
1301.0,50.36898,188.19208,-1.8814377
1302.0,49.015198,186.29604,-1.9338224
1303.0,47.720127,184.34363,-1.9847503
1304.0,46.483036,182.30063,-2.0321734
1305.0,45.31695,180.2402,-2.0741832
1306.0,44.220924,178.15495,-2.109193
1307.0,43.184223,176.03189,-2.1360807
1308.0,42.2119,173.8892,-2.1542068
1309.0,41.295815,171.70648,-2.1634
1310.0,40.43513,169.55121,-2.163886
1311.0,39.631363,167.4075,-2.1561418
1312.0,38.87846,165.23734,-2.1408153
1313.0,38.184116,163.07613,-2.1186152
1314.0,37.534634,161.00037,-2.0903187
1315.0,36.940186,158.92096,-2.056787
1316.0,36.394413,156.88,-2.019034
1317.0,35.899437,154.86476,-1.9782364
1318.0,35.448616,152.9393,-1.9356717
1319.0,35.04603,151.01529,-1.8925767
1320.0,34.691628,149.12457,-1.85005
1321.0,34.38121,147.30463,-1.8089178
1322.0,34.11546,145.52905,-1.7697165
1323.0,33.89387,143.80728,-1.7326698
1324.0,33.715076,142.10374,-1.6977675
1325.0,33.581806,140.4234,-1.6647811
1326.0,33.48453,138.76968,-1.6333125
1327.0,33.433563,137.1528,-1.6027998
1328.0,33.41361,135.57855,-1.5725505
1329.0,33.43354,134.03589,-1.5417536
1330.0,33.490177,132.50108,-1.5095228
1331.0,33.57994,131.02261,-1.4749333
1332.0,33.702408,129.58864,-1.4371524
1333.0,33.86354,128.15388,-1.3954948
1334.0,34.056602,126.78715,-1.3495405
1335.0,34.279293,125.46387,-1.2992312
1336.0,34.535873,124.190125,-1.2448363
1337.0,34.818886,123.010635,-1.1869841
1338.0,35.1298,121.82503,-1.126544
1339.0,35.469746,120.75189,-1.0645099
1340.0,35.830467,119.70503,-1.0018744
1341.0,36.22072,118.75608,-0.9395314
1342.0,36.638824,117.8426,-0.8781871
1343.0,37.075954,117.01797,-0.8183482
1344.0,37.5381,116.21695,-0.76025784
1345.0,38.01867,115.49536,-0.7039902
1346.0,38.52533,114.80026,-0.6494448
1347.0,39.04981,114.20149,-0.5964366
1348.0,39.59314,113.63683,-0.5446849
1349.0,40.15561,113.106316,-0.49392736
1350.0,40.73512,112.65138,-0.44391274
1351.0,41.330273,112.232025,-0.39442325
1352.0,41.94474,111.85663,-0.3452958
1353.0,42.581043,111.52678,-0.29643077
1354.0,43.22443,111.25865,-0.24778908
1355.0,43.88745,111.03057,-0.19936866
1356.0,44.565166,110.86006,-0.1511988
1357.0,45.253082,110.71843,-0.10334045
1358.0,45.95818,110.64481,-0.05585915
1359.0,46.669624,110.60823,-0.00882417
1360.0,47.388893,110.62448,0.0377087
1361.0,48.127216,110.67382,0.08368951
1362.0,48.86662,110.776825,0.12908351
1363.0,49.619713,110.91298,0.17386925
1364.0,50.376225,111.12197,0.21801925
1365.0,51.136936,111.351364,0.2615322
1366.0,51.90708,111.63585,0.30438566
1367.0,52.679253,111.95619,0.34655678
1368.0,53.447136,112.312645,0.38801074
1369.0,54.228218,112.70559,0.42871034
1370.0,55.00682,113.14726,0.468594
1371.0,55.784798,113.63175,0.5075932
1372.0,56.55797,114.15234,0.5456185
1373.0,57.32749,114.71256,0.5825928
1374.0,58.096954,115.298325,0.61842865
1375.0,58.858414,115.915794,0.6530276
1376.0,59.609886,116.5913,0.6862995
1377.0,60.357853,117.2935,0.7181609
1378.0,61.097755,118.026855,0.74852294
1379.0,61.82778,118.790085,0.777297
1380.0,62.540318,119.57814,0.80440843
1381.0,63.242294,120.40575,0.829767
1382.0,63.931446,121.24672,0.8532928
1383.0,64.60127,122.10399,0.87490034
1384.0,65.25612,122.98546,0.8945044
1385.0,65.891266,123.89074,0.9120269
1386.0,66.51001,124.81389,0.9273995
1387.0,67.10664,125.75629,0.9405715
1388.0,67.675125,126.68657,0.9515112
1389.0,68.21843,127.63119,0.9602105
1390.0,68.73209,128.59239,0.96669894
1391.0,69.22774,129.56653,0.9710316
1392.0,69.69168,130.54308,0.9732891
1393.0,70.13185,131.5156,0.97356886
1394.0,70.53662,132.48457,0.97196656
1395.0,70.9189,133.4525,0.9685654
1396.0,71.26324,134.41678,0.96341753
1397.0,71.57866,135.3714,0.9565288
1398.0,71.8595,136.3302,0.9478471
1399.0,72.10113,137.2735,0.93727195
1400.0,72.308105,138.19873,0.9246564
1401.0,72.481255,139.12393,0.90983355
1402.0,72.62089,140.01572,0.8926532
1403.0,72.721344,140.89024,0.8730186
1404.0,72.78426,141.74751,0.850923
1405.0,72.81883,142.59003,0.82647234
1406.0,72.80885,143.40634,0.7998645
1407.0,72.76368,144.19087,0.7713879
1408.0,72.68393,144.93724,0.7413649
1409.0,72.56088,145.66335,0.7101124
1410.0,72.409584,146.35269,0.6779048
1411.0,72.216965,147.00143,0.64493996
1412.0,71.994675,147.63605,0.6113538
1413.0,71.735504,148.25327,0.577219
1414.0,71.443825,148.79254,0.5425669
1415.0,71.112885,149.32848,0.5073993
1416.0,70.76511,149.82428,0.47172368
1417.0,70.372406,150.26614,0.43554544
1418.0,69.95222,150.68344,0.3988868
1419.0,69.5087,151.08942,0.3617661
1420.0,69.03563,151.4263,0.3242091
1421.0,68.53479,151.73668,0.2862391
1422.0,68.01463,152.00165,0.24788052
1423.0,67.473236,152.23505,0.209135
1424.0,66.91407,152.4244,0.17001659
1425.0,66.33287,152.58961,0.1305322
1426.0,65.73741,152.6908,0.090700805
1427.0,65.13185,152.76181,0.05054301
1428.0,64.511116,152.79893,0.010110199
1429.0,63.87621,152.80165,-0.030517876
1430.0,63.227608,152.73825,-0.07123208
1431.0,62.582985,152.6782,-0.11189091
1432.0,61.92581,152.55792,-0.15231144
1433.0,61.269356,152.3729,-0.19229233
1434.0,60.610867,152.1796,-0.23162508
1435.0,59.953686,151.93411,-0.27010226
1436.0,59.295753,151.65627,-0.30755794
1437.0,58.645897,151.33302,-0.3438611
1438.0,57.99651,150.98045,-0.3789286
1439.0,57.357002,150.59436,-0.4127242
1440.0,56.728294,150.17801,-0.44524628
1441.0,56.10663,149.71786,-0.47650188
1442.0,55.50037,149.20932,-0.5064817
1443.0,54.903236,148.71347,-0.5351427
1444.0,54.316113,148.1573,-0.5624147
1445.0,53.741585,147.59494,-0.5881563
1446.0,53.184498,146.97688,-0.61219364
1447.0,52.643158,146.35902,-0.63430536
1448.0,52.119446,145.71233,-0.654274
1449.0,51.613197,145.05579,-0.6718681
1450.0,51.124203,144.37312,-0.68689525
1451.0,50.654263,143.67291,-0.6992223
1452.0,50.20164,142.96988,-0.70878816
1453.0,49.765446,142.24055,-0.7156303
1454.0,49.34671,141.52573,-0.71988404
1455.0,48.947353,140.80725,-0.7217855
1456.0,48.56452,140.08273,-0.72166425
1457.0,48.202763,139.34758,-0.7198947
1458.0,47.863075,138.63239,-0.71688133
1459.0,47.541973,137.91504,-0.7129949
1460.0,47.24069,137.19844,-0.7085301
1461.0,46.955734,136.49014,-0.7036851
1462.0,46.688423,135.79288,-0.6985547
1463.0,46.439404,135.08495,-0.6931518
1464.0,46.20847,134.3965,-0.68743527
1465.0,45.99775,133.72015,-0.6813406
1466.0,45.802578,133.03247,-0.6748135
1467.0,45.625954,132.36447,-0.6678158
1468.0,45.46376,131.69038,-0.66033554
1469.0,45.31815,131.04178,-0.65238297
1470.0,45.18914,130.3941,-0.64398587
1471.0,45.075817,129.75383,-0.63518476
1472.0,44.978275,129.12126,-0.62602305
1473.0,44.896156,128.50253,-0.616543
1474.0,44.82987,127.88905,-0.6067806
1475.0,44.776463,127.291435,-0.5967614
1476.0,44.735943,126.69899,-0.5864958
1477.0,44.709534,126.11593,-0.5759677
1478.0,44.695263,125.54871,-0.56514317
1479.0,44.693638,124.98964,-0.55395406
1480.0,44.703537,124.44025,-0.5423084
1481.0,44.72595,123.89806,-0.53008354
1482.0,44.757893,123.38516,-0.51714015
1483.0,44.80218,122.8734,-0.503325
1484.0,44.857582,122.3742,-0.48848653
1485.0,44.921856,121.89647,-0.47248733
1486.0,44.99656,121.42525,-0.45522404
1487.0,45.079773,120.97643,-0.4366455
1488.0,45.172325,120.55369,-0.41676736
1489.0,45.27257,120.14304,-0.39568257
1490.0,45.380207,119.75714,-0.3735631
1491.0,45.49627,119.40299,-0.35066468
1492.0,45.61919,119.06531,-0.3273086
1493.0,45.74889,118.748505,-0.3038605
1494.0,45.88745,118.460686,-0.2806937
1495.0,46.03078,118.18583,-0.25817162
1496.0,46.17998,117.93973,-0.23660427
1497.0,46.334133,117.71421,-0.21622533
1498.0,46.49133,117.51455,-0.19716465
1499.0,46.65682,117.3242,-0.17945337
1500.0,46.82819,117.152306,-0.16301262
1501.0,47.00171,116.99564,-0.14767599
1502.0,47.17871,116.8635,-0.1332066
1503.0,47.361206,116.73143,-0.119333625
1504.0,47.540695,116.62755,-0.10578251
1505.0,47.72654,116.51549,-0.09231162
1506.0,47.914124,116.43459,-0.07872903
1507.0,48.103615,116.36434,-0.06491917
1508.0,48.297394,116.29727,-0.05085069
1509.0,48.49251,116.252396,-0.036575258
1510.0,48.691395,116.21653,-0.022213519
1511.0,48.891243,116.20465,-0.007944524
1512.0,49.08986,116.20466,0.00601691
1513.0,49.2879,116.22411,0.019447982
1514.0,49.486546,116.24031,0.032141864
1515.0,49.684975,116.29109,0.043937564
1516.0,49.884018,116.330956,0.054733157
1517.0,50.081703,116.39616,0.064505816
1518.0,50.28055,116.45903,0.07331073
1519.0,50.477966,116.54871,0.08128238
1520.0,50.674473,116.629776,0.08861625
1521.0,50.870586,116.72887,0.09554863
1522.0,51.06166,116.82411,0.10232389
1523.0,51.252827,116.93062,0.10917759
1524.0,51.439163,117.04152,0.11629498
1525.0,51.621117,117.16612,0.123803854
1526.0,51.803875,117.305565,0.1317631
1527.0,51.98218,117.44384,0.1401639
1528.0,52.1607,117.5888,0.1489389
1529.0,52.33255,117.7426,0.15797317
1530.0,52.502945,117.90171,0.16712785
1531.0,52.66829,118.073586,0.17625225
1532.0,52.827305,118.26654,0.18519163
1533.0,52.98529,118.460815,0.19380462
1534.0,53.1387,118.64762,0.20196176
1535.0,53.286945,118.85849,0.20955169
1536.0,53.430397,119.068794,0.21647596
1537.0,53.56772,119.30716,0.22265303
1538.0,53.7029,119.51464,0.22800708
1539.0,53.830425,119.742935,0.23247468
1540.0,53.953377,119.98895,0.23599672
1541.0,54.070457,120.219,0.23852289
1542.0,54.183784,120.45713,0.24000573
1543.0,54.29012,120.69605,0.24040401
1544.0,54.389427,120.93888,0.23969269
1545.0,54.48559,121.182495,0.23785543
1546.0,54.575527,121.41912,0.23490298
1547.0,54.659245,121.65522,0.23086762
1548.0,54.737793,121.8843,0.22582376
1549.0,54.80841,122.103546,0.21987963
1550.0,54.870934,122.3232,0.21318972
1551.0,54.930603,122.535774,0.20596766
1552.0,54.98656,122.74941,0.19845665
1553.0,55.031563,122.935265,0.19094872
1554.0,55.07416,123.135956,0.18374145
1555.0,55.10814,123.315094,0.17712688
1556.0,55.133995,123.496864,0.17135584
1557.0,55.159203,123.66086,0.16659832
1558.0,55.17417,123.83243,0.16292989
1559.0,55.189,123.991165,0.16031027
1560.0,55.19047,124.15282,0.1585797
1561.0,55.190487,124.30825,0.15747452
1562.0,55.17957,124.4655,0.15667558
1563.0,55.168404,124.61525,0.15581882
1564.0,55.15186,124.77284,0.15454984
1565.0,55.126938,124.927475,0.15254414
1566.0,55.097267,125.06467,0.149539
1567.0,55.058945,125.22189,0.14534247
1568.0,55.019135,125.360565,0.13985205
1569.0,54.973125,125.49315,0.13307893
1570.0,54.92242,125.63253,0.12512684
1571.0,54.872856,125.74668,0.11621821
1572.0,54.813576,125.8507,0.106659174
1573.0,54.750134,125.953896,0.09681666
1574.0,54.68164,126.05405,0.087082386
1575.0,54.60793,126.13482,0.07781327
1576.0,54.531944,126.1918,0.069303274
1577.0,54.450153,126.26563,0.06174028
1578.0,54.370506,126.325745,0.055192947
1579.0,54.29151,126.37311,0.049604416
1580.0,54.2027,126.43191,0.04482448
1581.0,54.114155,126.47058,0.04060626
1582.0,54.022285,126.51401,0.036675334
1583.0,53.924095,126.53764,0.03273797
1584.0,53.82487,126.56898,0.028532863
1585.0,53.721146,126.59912,0.023847818
1586.0,53.618355,126.6148,0.018535495
1587.0,53.513374,126.63896,0.012536526
1588.0,53.40811,126.65289,0.005856514
1589.0,53.30165,126.64266,-0.0014277697
1590.0,53.194183,126.62968,-0.009191394
1591.0,53.082962,126.62372,-0.017269015
1592.0,52.97113,126.593864,-0.025482774
1593.0,52.860886,126.56704,-0.033651233
1594.0,52.747906,126.52302,-0.04160869
1595.0,52.63704,126.47841,-0.04921782
1596.0,52.525455,126.4171,-0.056371808
1597.0,52.413754,126.36145,-0.06300485
1598.0,52.301933,126.2995,-0.0690887
1599.0,52.19062,126.22585,-0.07463324
1600.0,52.08029,126.14893,-0.07967925
1601.0,51.969368,126.05065,-0.084293365
1602.0,51.859093,125.97036,-0.08855486
1603.0,51.75063,125.88767,-0.09255612
1604.0,51.64501,125.79549,-0.096390724
1605.0,51.53782,125.69037,-0.10014188
1606.0,51.433113,125.6017,-0.103886366
1607.0,51.32852,125.484344,-0.10768235
1608.0,51.226906,125.37979,-0.1115675
1609.0,51.12635,125.267586,-0.1155566
1610.0,51.027607,125.14624,-0.11964488
1611.0,50.930412,125.021614,-0.12380302
1612.0,50.83577,124.89417,-0.1279825
1613.0,50.742546,124.76565,-0.13211882
1614.0,50.65238,124.64062,-0.13613403
1615.0,50.563442,124.500885,-0.13994515
1616.0,50.477867,124.35005,-0.14347112
1617.0,50.39371,124.20946,-0.14663982
1618.0,50.31112,124.05221,-0.14939499
1619.0,50.23304,123.90373,-0.1517024
1620.0,50.154198,123.75276,-0.15355241
1621.0,50.07897,123.59378,-0.15496373
1622.0,50.006973,123.44648,-0.15597856
1623.0,49.93709,123.291695,-0.15665698
1624.0,49.870636,123.12468,-0.15706313
1625.0,49.807148,122.969955,-0.15726113
1626.0,49.742985,122.81661,-0.15729582
1627.0,49.684372,122.65221,-0.15718722
1628.0,49.626682,122.49563,-0.15692699
1629.0,49.572205,122.33279,-0.15647101
1630.0,49.521374,122.182144,-0.15575874
1631.0,49.471554,122.02153,-0.1547122
1632.0,49.424683,121.869316,-0.15325189
1633.0,49.380848,121.72157,-0.15131795
1634.0,49.340584,121.57186,-0.14887238
1635.0,49.3009,121.416145,-0.14591014
1636.0,49.263664,121.28279,-0.14246345
1637.0,49.231007,121.142365,-0.13859689
1638.0,49.197327,121.00914,-0.13439953
1639.0,49.169353,120.869125,-0.1299789
1640.0,49.14212,120.75019,-0.125453
1641.0,49.118378,120.623535,-0.12093365
1642.0,49.0963,120.50481,-0.11652529
1643.0,49.07665,120.39036,-0.11231077
1644.0,49.058723,120.284874,-0.10836089
1645.0,49.04258,120.17611,-0.10471976
1646.0,49.030254,120.076164,-0.101409435
1647.0,49.017857,119.97247,-0.09843898
1648.0,49.008743,119.87487,-0.09580159
1649.0,49.000916,119.78392,-0.09347892
1650.0,48.996315,119.69393,-0.09144795
1651.0,48.9939,119.60275,-0.0896821
1652.0,48.99176,119.51804,-0.088153124
1653.0,48.992756,119.43041,-0.086832404
1654.0,48.994907,119.338264,-0.085693836
1655.0,48.99954,119.260735,-0.08470833
1656.0,49.00298,119.17886,-0.083848596
1657.0,49.011345,119.10729,-0.08308554
1658.0,49.020447,119.01074,-0.08238983
1659.0,49.030148,118.933754,-0.08172798
1660.0,49.041153,118.85622,-0.08106625
1661.0,49.054955,118.76566,-0.08036244
1662.0,49.068474,118.69552,-0.079582095
1663.0,49.084656,118.61834,-0.078681946
1664.0,49.10226,118.544235,-0.07761812
1665.0,49.120583,118.46372,-0.07635105
1666.0,49.13911,118.39348,-0.07484102
1667.0,49.15956,118.30863,-0.073051095
1668.0,49.178776,118.24155,-0.07094622
1669.0,49.20087,118.18515,-0.06850088
1670.0,49.225048,118.10416,-0.06569767
1671.0,49.24956,118.05012,-0.06252289
1672.0,49.274673,117.9842,-0.05897689
1673.0,49.300232,117.92801,-0.055074334
1674.0,49.323257,117.87824,-0.050839663
1675.0,49.34596,117.83018,-0.046310544
1676.0,49.371574,117.78136,-0.04153967
1677.0,49.397423,117.75452,-0.036598325
1678.0,49.42439,117.7167,-0.031559467
1679.0,49.45247,117.681946,-0.026507497
1680.0,49.479042,117.66268,-0.02152896
1681.0,49.50494,117.64679,-0.01669681
1682.0,49.53067,117.633156,-0.012069821
1683.0,49.557972,117.631004,-0.007679701
1684.0,49.586697,117.62293,-0.0035306215
1685.0,49.617855,117.62663,0.00040578842
1686.0,49.6486,117.631134,0.0041743517
1687.0,49.676826,117.64192,0.007804632
1688.0,49.705925,117.64659,0.01129663
1689.0,49.732193,117.657425,0.014590025
1690.0,49.759975,117.68012,0.017553926
1691.0,49.788548,117.69504,0.02000928
1692.0,49.816338,117.72684,0.02176845
1693.0,49.8438,117.73911,0.022696972
1694.0,49.87016,117.76423,0.022752404
1695.0,49.89712,117.790436,0.022023678
1696.0,49.92373,117.80971,0.020735145
1697.0,49.9489,117.826744,0.019177914
1698.0,49.97473,117.84027,0.017665267
1699.0,49.9996,117.86592,0.016462445
1700.0,50.024376,117.88381,0.01573801
1701.0,50.046074,117.894745,0.015533805
1702.0,50.06943,117.92238,0.01579523
1703.0,50.09123,117.9351,0.01640141
1704.0,50.11325,117.95078,0.017207146
1705.0,50.136444,117.97692,0.018067718
1706.0,50.157745,117.9879,0.01885271
1707.0,50.17781,118.01507,0.0194422
1708.0,50.198574,118.03286,0.019716024
1709.0,50.214687,118.05247,0.019580483
1710.0,50.23243,118.07313,0.019023418
1711.0,50.24716,118.08764,0.018137097
1712.0,50.264317,118.10582,0.017111063
1713.0,50.279613,118.12409,0.01618588
1714.0,50.29461,118.13635,0.015544653
1715.0,50.30949,118.15263,0.015261531
1716.0,50.324635,118.169136,0.015279651
1717.0,50.335464,118.17625,0.015446901
1718.0,50.347946,118.186325,0.015583873
1719.0,50.358322,118.206535,0.015537739
1720.0,50.366306,118.212006,0.0152465105
1721.0,50.37515,118.229416,0.0147714615
1722.0,50.384453,118.24386,0.014285922
1723.0,50.39139,118.25802,0.014051914
1724.0,50.398026,118.27423,0.0143636465
1725.0,50.40333,118.28933,0.015485048
1726.0,50.40737,118.30571,0.017588496
1727.0,50.411003,118.32823,0.020707607
1728.0,50.413746,118.34182,0.024719834
1729.0,50.415863,118.36743,0.029346228
1730.0,50.41939,118.38955,0.034178376
1731.0,50.421963,118.44207,0.038739204
1732.0,50.422466,118.474754,0.042538285
1733.0,50.42224,118.52461,0.045148253
1734.0,50.42039,118.57422,0.046272516
1735.0,50.41757,118.611694,0.045783877
1736.0,50.414696,118.6589,0.04375887
1737.0,50.412743,118.697815,0.0404588
1738.0,50.409897,118.73784,0.0362947
1739.0,50.405464,118.77071,0.03175485
1740.0,50.398277,118.79767,0.027315617
1741.0,50.38993,118.816986,0.02335608
1742.0,50.381706,118.8336,0.020082235
1743.0,50.375202,118.845535,0.017492652
1744.0,50.36951,118.86961,0.015366793
1745.0,50.36236,118.877815,0.013306022
1746.0,50.3528,118.8698,0.010808468
1747.0,50.34233,118.87925,0.0073655844
1748.0,50.33313,118.87965,0.0025925636
1749.0,50.32262,118.873505,-0.003632903
1750.0,50.31092,118.87307,-0.011055827
1751.0,50.29726,118.839874,-0.018976212
1752.0,50.284904,118.82025,-0.026292443
1753.0,50.27507,118.778854,-0.031675816
1754.0,50.263336,118.74436,-0.033867
1755.0,50.251953,118.72999,-0.03199792
1756.0,50.234474,118.698616,-0.025868297
1757.0,50.220245,118.67513,-0.016059875
1758.0,50.20449,118.6586,-0.003836751
1759.0,50.19094,118.672356,0.009100199
1760.0,50.178463,118.67413,0.02091825
1761.0,50.16373,118.6991,0.029984951
1762.0,50.144955,118.73088,0.03510487
1763.0,50.13038,118.765594,0.035612583
1764.0,50.116547,118.8167,0.031442046
1765.0,50.101295,118.831894,0.023060322
1766.0,50.09106,118.86195,0.01137054
1767.0,50.077133,118.86492,-0.002392888
1768.0,50.058582,118.83883,-0.016810656
1769.0,50.043198,118.84593,-0.030377269
1770.0,50.027508,118.793915,-0.0416615
1771.0,50.014793,118.77979,-0.049498916
1772.0,49.99944,118.71763,-0.053134203
1773.0,49.98151,118.6482,-0.052403092
1774.0,49.965755,118.6052,-0.047801495
1775.0,49.94774,118.54493,-0.040382504
1776.0,49.932,118.51496,-0.031536102
1777.0,49.916283,118.49144,-0.02267754
1778.0,49.90249,118.48181,-0.014965296
1779.0,49.888824,118.44744,-0.00912106
1780.0,49.87161,118.4501,-0.005396366
1781.0,49.857037,118.4324,-0.0036386251
1782.0,49.84148,118.42932,-0.0034217834
1783.0,49.830242,118.42127,-0.0041669607
1784.0,49.812275,118.41421,-0.0052605867
1785.0,49.79536,118.383224,-0.0061249733
1786.0,49.779514,118.377014,-0.006262183
1787.0,49.762585,118.33314,-0.0052809715
1788.0,49.7509,118.34243,-0.0028916597
1789.0,49.738068,118.319824,0.0010988712
1790.0,49.72477,118.310875,0.0067943335
1791.0,49.71181,118.32633,0.014223099
1792.0,49.696774,118.33584,0.023366094
1793.0,49.68194,118.34347,0.034166574
1794.0,49.673435,118.36988,0.04654777
1795.0,49.66318,118.40107,0.060441017
1796.0,49.65819,118.47697,0.07585132
1797.0,49.650322,118.58046,0.092864275
1798.0,49.642925,118.64891,0.111730695
1799.0,49.629803,118.76791,0.13291621
1800.0,49.612892,118.89468,0.15712273
