0,36,44,11000,-7.6,1.16
3,43.1247560096215,48.0758104518497,11156.4759935624,-9.1883374243326,1.52011998487719
6,47.9830677998612,52.9470740704684,11304.4143381432,-10.2333750792924,1.70672637194421
9,51.7277220206802,58.2321038935603,11442.4689243349,-11.0110362794879,1.80742823710561
12,54.8831443494598,63.7475738049456,11569.5651022093,-11.6470202184204,1.86235375546097
15,57.7031708205847,69.3829599707908,11684.807919703,-12.2025648283645,1.89154009189246
18,60.2821005022681,75.0788224145255,11787.3765414263,-12.7007539520833,1.90294897756003
21,62.6534900680741,80.7865708294097,11876.6335190646,-13.1503009401977,1.90018688722461
24,64.8157056994972,86.4671540804477,11951.9737397907,-13.5515345890261,1.88424543163871
27,66.7544371587088,92.0806709983919,12012.9794452144,-13.9018413188795,1.85529508244409
30,68.4469646235696,97.586119002426,12059.1811998584,-14.1966653393948,1.812976712109
33,69.8726745590579,102.944817248523,12090.338794585,-14.431900113807,1.7570061814788
36,71.0107712359422,108.114085479878,12106.1382201779,-14.6034693099645,1.68719991584201
39,71.8462190730933,113.056432386488,12106.4581847408,-14.7085462857856,1.6036121164052
42,72.363811801002,117.723931193631,12090.9677796589,-14.7444543076223,1.50657969551903
45,72.5562417513014,122.082798730472,12059.5536300047,-14.7101024923254,1.39656754647042
48,72.4174638026408,126.090194422328,12011.9416096113,-14.6048592311193,1.27437998645591
51,71.9498282154767,129.719357410577,11948.1424466828,-14.4297594791765,1.14092786915793
54,71.1572414065255,132.928056544052,11868.1024485923,-14.1864825728429,0.997661772981439
57,70.0546108995914,135.696886864289,11772.2681492041,-13.8788597517661,0.846122399857947
60,68.662527868111,137.997356312463,11661.3463646993,-13.5122136605144,0.688485452704649
63,67.013994160679,139.823976252829,11536.7556958151,-13.094344523804,0.52710573449586
66,65.1483041797569,141.160899436777,11400.3304707136,-12.6347091673352,0.365049476341303
69,63.1151010183534,142.016552588218,11254.5817032396,-12.1447377663149,0.20538873737377
72,60.9677253106685,142.39797273295,11102.3934763359,-11.6367485227993,0.0514812436917376
75,58.7632804915937,142.333435506849,10947.0738431167,-11.1235514691261,-0.093662967874665
78,56.5558929497784,141.848451570455,10791.9800903348,-10.6173122657885,-0.227154408212435
81,54.3957857088498,140.984314939613,10640.458419236,-10.1289988180114,-0.346808616193044
84,52.3255611505262,139.78260743068,10495.6254280884,-9.66779564850436,-0.450957284223473
87,50.3800298444981,138.294346872658,10360.2628763434,-9.2408976266376,-0.538717482838665
90,48.5850308848377,136.56734024093,10236.6821843738,-8.85346465662704,-0.609713893255199
93,46.9577940268507,134.652541827601,10126.6265160814,-8.50859057303606,-0.66423384971507
96,45.5081961749048,132.59754760304,10031.3074504497,-8.20771460560432,-0.702960232910213
99,44.2395105312587,130.449043711469,9951.32461802056,-7.95075166253971,-0.72699052978476
102,43.1504120796143,128.248999947191,9886.81607159681,-7.7366294862035,-0.737595859870792
105,42.2349125085939,126.0354327071,9837.38711166834,-7.56325959672464,-0.736246815112002
108,41.4847812819705,123.841958331225,9802.34158266867,-7.4281103294678,-0.724439467506199
111,40.8893151154003,121.69729363079,9780.63715839884,-7.32816212757904,-0.703696661295569
114,40.4377138980835,119.627019649595,9771.15338073273,-7.26042985531774,-0.675459324192117
117,40.1178574416147,117.650692280503,9772.59189191089,-7.22172990703429,-0.64108658937319
120,39.9184445894719,115.785511280348,9783.70541558963,-7.2091126233553,-0.601816587693502
123,39.8277777287474,114.043156642706,9803.19590939242,-7.21963619774943,-0.558758323468858
126,39.8358347605098,112.435338180023,9829.92399206125,-7.2507492347852,-0.512909940433336
129,39.9323361240652,110.967672935711,9862.75216089647,-7.29995104223866,-0.465115041129316
132,40.1084945382522,109.646066544393,9900.69741998982,-7.36508387933049,-0.41612587582214
135,40.3553621286059,108.47116916908,9942.79761422102,-7.44404808753991,-0.366557292251865
138,40.6656760660385,107.446239770288,9988.25832687285,-7.53508975291889,-0.31698532245708
141,41.0318129111351,106.568855116404,10036.3027644821,-7.63647413169387,-0.267849904659355
144,41.4473343703137,105.838574539138,10086.277939713,-7.74670696751312,-0.219567839597209
147,41.9053646095175,105.250087796991,10137.5403390536,-7.86428044894214,-0.172447863947357
150,42.400282650338,104.80191355874,10189.5647858623,-7.98790994764723,-0.126822962996499
153,42.9259230116917,104.487462618177,10241.8328427079,-8.11627665512484,-0.0829184730055533
156,43.4769293670704,104.302737405348,10293.9074311979,-8.24820344494646,-0.04097882361875
159,44.0473934184677,104.239395861223,10345.3526350877,-8.38246338804447,-0.00116280697905013
162,44.632292748417,104.293016577797,10395.808588558,-8.51796497624644,0.0363193523989793
165,45.226119041511,104.454883423693,10444.9229676178,-8.6535814110733,0.0713460699178641
168,45.8239312706487,104.718753248423,10492.3951179004,-8.78827329802852,0.103763887102848
171,46.4203814103223,105.074823441332,10537.9309259264,-8.92097099377824,0.133492524311206
174,47.010750601009,105.516588919771,10581.2824385067,-9.05069170533049,0.16040071596462
177,47.5901161511794,106.034369858158,10622.220307081,-9.1764628014905,0.184433077712353
180,48.1539951219585,106.620437319366,10660.5474303481,-9.297378789317,0.205508562463595
183,48.6978293431121,107.264588789816,10696.0865730901,-9.41256159600223,0.223610817585389
186,49.2175155500356,107.958914600634,10728.6855249162,-9.52119760529983,0.238689200954215
189,49.7091515877479,108.693720980324,10758.2256131315,-9.62255256477166,0.250756757010434
192,50.1692168896774,109.460571557303,10784.6075287556,-9.71595839745861,0.259816533606024
195,50.5945196473225,110.249871580991,10807.7669267764,-9.80084479805421,0.26592614102389
198,50.9821993582733,111.053199057146,10827.6497065406,-9.87669744316413,0.269132226213791
201,51.3299953465568,111.86185399377,10844.2484931012,-9.94314702340077,0.269529259036939
204,51.6359898579457,112.667702815832,10857.5665970212,-9.99989394596008,0.267218608144152
207,51.8989370866867,113.462815886859,10867.6539171503,-10.0467916980416,0.262340691391881
210,52.1178119954977,114.23942167735,10874.5605712223,-10.0837424048158,0.255046188792706
213,52.2924487269088,114.990843995907,10878.3900583729,-10.1108287515047,0.245512190394115
216,52.4229518206929,115.710408560743,10879.2500095762,-10.1281964812997,0.233933758910096
219,52.5102606996046,116.392803033123,10877.2982601666,-10.1361613808207,0.220523233888662
222,52.5553989295573,117.032118965829,10872.6854838289,-10.1350697084271,0.205515363842564
225,52.5602763412332,117.624519449257,10865.612163932,-10.125436853271,0.189145601906195
228,52.5269300898522,118.165789967133,10856.2760637297,-10.1078147791389,0.171668531158816
231,52.4581579549885,118.653798721716,10844.9177900644,-10.0828950612237,0.15333074817511
234,52.3566632050025,119.08538048819,10831.7636317906,-10.051366011685,0.13440167263603
237,52.2258261753474,119.45984756925,10817.07493232,-10.0140288790493,0.115126040798859
240,52.0689522281268,119.775927964309,10801.1017001108,-9.9716780417573,0.0957600574264208
243,51.8898392687794,120.034603012233,10784.119274567,-9.92518183522005,0.0765292603011518
246,51.6920043738105,120.235662793295,10766.3811964762,-9.87536472734436,0.0576740371096505
249,51.4792953108335,120.381207612565,10748.1539446217,-9.82308634320847,0.0393917152772352
252,51.2552919284983,120.472670179865,10729.6838889912,-9.76915593156115,0.0218805750127895
255,51.0237322278407,120.513416735747,10711.2209063429,-9.71438448827047,0.00529494960621979
258,50.7879519463995,120.505666954246,10692.9879472981,-9.6595099943857,-0.0102053328900011
261,50.5512816013445,120.453371936981,10675.1992041697,-9.60523773236861,-0.0245095872252974
264,50.3166813236479,120.359819049256,10658.0439214831,-9.55219862916773,-0.0375131152661414
267,50.0870004514586,120.229612366393,10641.6967545495,-9.50097381989078,-0.0491557123495863
270,49.8646810942537,120.066393242381,10626.3061628095,-9.45206692364622,-0.0593771911532095
273,49.6519392377837,119.874783090559,10611.9976913141,-9.40591097807875,-0.0681600591241205
276,49.4506381590762,119.658822517357,10598.8738573137,-9.36286728225674,-0.075493969429532
279,49.2623867015719,119.423178828008,10587.0133116953,-9.32322637288784,-0.0814031989875594
282,49.0884856454591,119.171835770126,10576.4756380909,-9.28721933357454,-0.0859132983699058
285,48.9299211691402,118.909043109191,10567.2931483274,-9.25499900414744,-0.0890782884678378
288,48.787429267735,118.638625815235,10559.4827095578,-9.22666757189146,-0.0909568975500548
291,48.6614563452222,118.364436926609,10553.0366681556,-9.20225914249228,-0.0916279509774953
294,48.5522862352942,118.089974045434,10547.9387587233,-9.18177635104562,-0.091171095291094
297,48.4598919512366,117.818447839715,10544.1484410775,-9.16515452486948,-0.0896786120670963
300,48.384123516755,117.552845642876,10541.6192107602,-9.15230435434206,-0.0872446882125257
303,54.3753630474085,117.693541659603,12001.3739663383,-10.5477021354328,0.308206210935383
306,71.5164362350536,120.076577416744,13382.155493036,-14.5039579563596,1.38378614301656
309,99.5067524880455,126.601746433757,14676.6585210585,-20.9163923120514,3.06591609970623
312,138.285316704293,139.031797646633,15865.9517253004,-29.738723031366,5.30085227085079
315,186.451161672335,158.932579425193,16919.5210406315,-40.6155877946019,7.95106838829417
318,240.030267920653,186.932924314771,17789.2794622686,-52.6082820727323,10.7339081761424
321,292.759317343806,223.049240706203,18416.910624219,-64.2550666401086,13.2313546757456
324,336.763136830925,265.519862223684,18732.3164582001,-73.7504314019366,14.968043307879
327,364.481736907478,311.696703195914,18671.6527085558,-79.3785258263645,15.5146026431591
330,369.415089697497,357.157158027884,18198.0596536136,-79.7030877531514,14.5623345566231
333,350.719859717941,397.615557706665,17411.2964640249,-74.6052601577013,12.1757946276446
336,314.591524868146,429.251375816871,16465.790092574,-65.6001186665031,8.87568409697671
339,270.703472046893,450.566902221986,15477.9416543062,-54.9720179826632,5.34910361929447
342,226.961953151191,461.651691881262,14513.7435815091,-44.5641219434973,2.12061283281957
345,188.096774933624,463.872747443378,13613.1622374293,-35.4551975309963,-0.532992432374829
348,155.926486670139,459.101285990266,12796.9768023596,-28.0355507807851,-2.543209857474
351,130.420495334096,449.213799164638,12073.4665404842,-22.2639252901138,-3.96496192388188
354,110.663882447716,435.800345237975,11442.5383239529,-17.8979299304433,-4.90405392988914
357,95.4985330705413,420.15735861631,10899.2206890848,-14.6437663476782,-5.47422941690841
360,83.8438562486706,403.221349591934,10436.1702139209,-12.2322691927153,-5.77392034464919
363,74.8106652665161,385.70238453304,10045.0228798895,-10.443051267647,-5.88241678876944
366,67.7222731717262,368.062557441034,9717.52389781358,-9.10981724114156,-5.85785386188982
369,62.0727538936082,350.644316082289,9445.64374716974,-8.10829137367907,-5.74361076941185
372,57.50035778529,333.658009496556,9222.15414774507,-7.35024088632726,-5.56973217285331
375,53.7418113328141,317.26072148486,9040.43525856527,-6.77137922338644,-5.35819654693117
378,50.6119415380963,301.532812855274,8894.78971852073,-6.327038246369,-5.12361347186645
381,47.974362878278,286.531268400413,8780.05394237277,-5.98435857946949,-4.87668125091431
384,45.7310640048241,272.276751784266,8691.89449700674,-5.72009520504807,-4.62451631359862
387,43.8082317095318,258.777247091448,8626.51521410525,-5.51687987601593,-4.37226454648717
390,42.1550958811301,246.036751719938,8581.60100801706,-5.36279355311331,-4.12342327760776
393,40.7333805313852,234.031646786987,8555.83106653795,-5.24933460665071,-3.87987861645001
396,39.5245931374724,222.752642493354,8551.27458514943,-5.17235702007652,-3.64260159443574
399,38.5293783930625,212.167235225263,8573.9262698753,-5.13260219670979,-3.41063322105325
402,37.7843352960824,202.281677468912,8635.75868035496,-5.13849622116628,-3.18170976953658
405,37.3588629026436,193.079279191634,8752.63166159724,-5.20653566167804,-2.95073428067891
408,37.3628704654848,184.588214668185,8937.63326415131,-5.36185375100974,-2.7111734732529
411,37.9117558237917,176.827000952644,9193.40397780154,-5.63103997792758,-2.45585600223081
414,39.1154686763065,169.87059556622,9510.12819456853,-6.03838640811601,-2.17956432693062
417,41.0397102664805,163.773751472465,9870.89223952343,-6.59822782328548,-1.87946140251926
420,43.7242506411732,158.620217059691,10258.455910457,-7.31832120306724,-1.55525607439187
423,47.1712740649346,154.465051111802,10658.0154637028,-8.19817514039137,-1.20835438154909
426,51.3745077300698,151.387601400664,11058.6243733477,-9.23488329336783,-0.841410675650436
429,56.2996745717066,149.433247896863,11451.7572830455,-10.4196225898189,-0.457988984434187
432,61.8983745354131,148.653271369439,11830.8447634032,-11.7401673060914,-0.0627611635051266
435,68.0872384312886,149.064603065025,12190.291481997,-13.1767567903608,0.338237687829131
438,74.7542591827643,150.679910439527,12525.0778219502,-14.7030257407142,0.737183439191557
441,81.746392824852,153.476201100168,12830.6009413334,-16.2836819421594,1.12452112701569
444,88.8676562008389,157.404422010514,13102.1656802176,-17.8738878648531,1.48856761127478
447,95.8825798168897,162.379738846088,13335.3023410414,-19.4202430691636,1.81601571122107
450,102.508661866792,168.253665327438,13525.0383721303,-20.8595302175101,2.09221658643709
453,108.449203949769,174.86622566124,13666.8095531299,-22.1254283338327,2.30189875225875
456,113.381035165277,181.98076131298,13755.3291116867,-23.1468337571165,2.43018694977388
459,116.997644100162,189.360056030174,13785.5340809105,-23.8565401803982,2.46333227006951
462,119.000267633475,196.663275862209,13751.7081939758,-24.1910331897101,2.39102249217548
465,119.160088571467,203.593094387484,13648.8643422412,-24.1023280414486,2.20638233566265
468,117.334432238388,209.784317882771,13473.4020241986,-23.5637738638158,1.91019197859018
471,113.545761694656,214.947731265217,13226.3061877186,-22.5858704936279,1.51209956519973
474,108.005222994546,218.781232999617,12914.1224528857,-21.2233780987345,1.03469526964723
477,101.12909364435,221.108854317379,12550.0880355493,-19.5766275294262,0.510690045527474
480,93.4514453227461,221.83451841166,12150.989902295,-17.7719823617621,-0.0216037094788524
483,85.5199168636966,221.004883862762,11734.5061854847,-15.9363766525093,-0.526991663401088
486,77.7861228041314,218.729194311914,11315.6630680211,-14.1732008789292,-0.978444864878525
489,70.5636270532291,215.203715233901,10906.4539303433,-12.5520514899856,-1.36059017122496
492,64.0259246942331,210.639272837074,10515.5727410124,-11.1095774679803,-1.66780270942927
495,58.2388049023053,205.266799961649,10149.3426584683,-9.85693084153822,-1.90220464179582
498,53.1967618621258,199.292809702506,9812.49169542911,-8.7890721368747,-2.06998293717134
501,48.8536346647058,192.90516864199,9508.81691492769,-7.89181471918304,-2.17950941135449
504,45.1491775328713,186.26527982752,9242.26663015608,-7.14816663959385,-2.23934908082656
507,42.02208936249,179.507722825282,9017.01648077759,-6.54137740593951,-2.25738138272831
510,39.4223541465844,172.754245664753,8837.95405025581,-6.057563016056,-2.24037179835559
513,37.3087354056416,166.095336165876,8709.83673599868,-5.68545639163377,-2.19361953763192
516,35.6544698068047,159.618976656246,8636.69980551555,-5.41721307632269,-2.12138832470723
519,34.4380843793696,153.389291277944,8619.87110574158,-5.24665681679938,-2.02691682587499
522,33.6452378912459,147.475568529641,8657.5278661907,-5.16918153469116,-1.91311379914623
525,33.2567156802205,141.927363284069,8743.99114134681,-5.17940281112899,-1.78265676841512
528,33.2525453550808,136.794239362538,8871.35717756642,-5.27175926110906,-1.63827402502977
531,33.6055208316074,132.108041110726,9030.44085095976,-5.43932381021035,-1.48267673949815
534,34.2904795323443,127.905293144684,9212.84618731954,-5.67556110643153,-1.31857174707268
537,35.278207688249,124.2027894231,9411.06561524834,-5.97334925895931,-1.14837991664653
540,36.5439887066175,121.019730921592,9619.21096387867,-6.3265719541818,-0.974290139470364
543,38.0612546697607,118.358002345918,9832.42323770798,-6.72899574392747,-0.798126724491824
546,39.8095203766994,116.22965888782,10047.1469960921,-7.17562156266344,-0.621595088997993
549,41.7654747166597,114.627558533474,10260.4279626497,-7.66114000600591,-0.446048032105452
552,43.9088060080111,113.552084347179,10470.0024897193,-8.18080471676903,-0.272850461371274
555,46.2147146900713,112.9866887615,10673.8703420374,-8.72912999565604,-0.103189340304189
558,48.6600663926525,112.926585043501,10870.4173842982,-9.30080485446435,0.0615279385872678
561,51.2162511293033,113.349721873329,11058.1621125907,-9.8895545627769,0.220015489159744
564,53.8535048579061,114.239873240672,11235.7897520321,-10.4887291958022,0.370746320411167
567,56.5363186913831,115.565697199516,11402.0465728464,-11.0906132001194,0.512236446227043
570,59.227238455252,117.301579438711,11555.7389003993,-11.6869329830974,0.6427107795016
573,61.8846774304608,119.409292724669,11695.7794113041,-12.2686800175681,0.760474185244589
576,64.4645080161563,121.850361992134,11821.0860973349,-12.8262574099734,0.863669120692694
579,66.9204625363454,124.576711027035,11930.6967820705,-13.3497434822315,0.950565949236887
582,69.2039645640202,127.536096853513,12023.5840990623,-13.8287536069954,1.0193985444569
585,71.2685062972169,130.67344834919,12098.9326745372,-14.2534372569411,1.06861839057972
588,73.067352042126,133.926606498428,12155.8708150445,-14.6140196007671,1.09686152876178
591,74.5592464825876,137.234927343006,12193.7680979335,-14.9019770154582,1.10308666159688
594,75.7036875696573,140.524138873466,12211.8835038948,-15.1092094230994,1.08668677275523
597,76.4706672429562,143.732041788342,12209.8206694956,-15.229845839326,1.04741421428319
600,76.8348044463986,146.785070922418,12187.1628700504,-15.2593015661763,0.985650115885696
603,76.7842459308825,149.625839049331,12143.9289257546,-15.1958542496423,0.902221537335277
606,76.3136867679092,152.180644808509,12080.2220877051,-15.039606097812,0.798851855075349
609,75.4349761711436,154.400990432929,11996.7444046964,-14.7942037047894,0.677697771936136
612,74.1703348028024,156.230663448166,11894.5188868652,-14.4658539367479,0.541824835132462
615,72.559273600222,157.640520147817,11775.3272026371,-14.0643058979703,0.394688429788427
618,70.6505800431836,158.593474176857,11641.377365829,-13.601617631103,0.240586215470523
621,68.5062432494903,159.081320991236,11495.5666183147,-13.0924024371616,0.0838820190008867
624,66.1931127309852,159.097716861753,11341.1778825944,-12.5523738761071,-0.0707887476746398
627,63.7827222590872,158.661883545861,11181.9631119398,-11.9978736747714,-0.21919887053512
630,61.3431867092504,157.79353190872,11021.7302664232,-11.4444369247272,-0.357362845901785
633,58.9379220162312,156.531078369173,10864.3236435154,-10.9061621970751,-0.482135589321881
636,56.6214113236894,154.916087974013,10713.4008062673,-10.3950064972121,-0.591056269809558
639,54.4388542165031,153.001262498401,10572.3135285075,-9.92055818084949,-0.6825968135517
642,52.4249128970203,150.838833486625,10443.9399734326,-9.48995543076003,-0.755918386942936
645,50.6037942164689,148.48404787689,10330.569903787,-9.10784202244475,-0.810964159068976
648,48.9910485596348,145.990762267399,10233.9243626758,-8.7768671681439,-0.848215214469216
651,47.5939973532391,143.411033830658,10154.9966060736,-8.49779270671354,-0.868650523799563
654,46.4143577002082,140.794182483579,10094.2029947546,-8.27012256974109,-0.873545538462726
657,45.4475705639155,138.183794748534,10051.2545718186,-8.09200049978875,-0.864432541682501
660,44.6859767179976,135.620051699316,10025.4182855845,-7.96090877906035,-0.842954524265747
663,47.0804780779346,133.32884970142,10909.8909280136,-8.56128398118923,-0.618750862147405
666,54.3879921714628,132.195494096601,11757.7493808215,-10.2869770685546,-0.0996432343218534
669,65.5674756746261,132.934792189242,12565.9633869626,-12.8820814357902,0.624820901460077
672,80.2145082255611,136.1110056589,13328.058390558,-16.2419730285297,1.51177826768053
675,97.993467344498,142.154352433454,14034.4593553022,-20.2805177906837,2.52672970893283
678,118.392807049637,151.365147584168,14671.6689450762,-24.8728947191424,3.627108735028
681,140.537567573593,163.939031623297,15223.8068326555,-29.8113894346268,4.74907118946175
684,163.021784907727,179.785967883843,15670.6228097084,-34.7695806987635,5.80142353530382
687,184.00429036174,198.588161787093,15989.981256205,-39.323640567065,6.67037722223735
690,201.264601585875,219.519520274788,16157.0704680699,-42.9704763650414,7.23118089798099
693,212.521446273735,241.542036473563,16145.6821330963,-45.1966640734431,7.36100266308497
696,215.789847387649,263.149158000013,15935.3553221209,-45.5664342449967,6.96996810038838
699,210.142157264882,282.813916207119,15528.9340317286,-43.8910988247066,6.03926678515514
702,196.510938120984,298.961370552987,14970.3465225378,-40.4168909454479,4.67545421975412
705,177.664258695279,310.643466154986,14326.0453593208,-35.8069306745653,3.08978623046897
708,156.837316847704,317.497967994506,13653.9098957968,-30.8226836039581,1.50815111606237
711,136.57731725214,319.848493938664,12991.953075325,-26.0526135296449,0.0912423815682164
714,118.332173622473,318.295459833054,12362.3014516288,-21.8236503331275,-1.08133320228183
717,102.679514998085,313.622232453029,11777.2017103473,-18.2563310913163,-1.99314373289484
720,89.6312757690767,306.575269006005,11242.1361142926,-15.3398685460087,-2.66443010556412
723,78.9252739475389,297.841486900084,10758.6012904326,-13.000597492606,-3.13202970098463
726,70.1952551733284,287.951461998673,10325.3546486355,-11.143411746528,-3.43531206901345
729,63.0718058903669,277.356086602447,9939.5960316677,-9.67391676952596,-3.61161174489298
732,57.2296003976971,266.375222402986,9597.72138368335,-8.51038756425684,-3.69163139272253
735,52.3980864964267,255.273972456039,9295.83100993399,-7.58487522875339,-3.70087891187811
738,48.3649444950978,244.22313961406,9030.23558133815,-6.84473299526718,-3.65832248338972
741,44.9632018856056,233.360617017706,8797.50249301581,-6.24849346389513,-3.5789796872162
744,42.067908496528,222.773938267441,8595.20715370421,-5.76541007463034,-3.47364739079874
747,39.5850169727856,212.526500413588,8422.07162133259,-5.37238577097867,-3.3503820619548
750,37.4538069025733,202.679092187002,8279.70734213882,-5.0541472072004,-3.21494486509851
753,35.6356059011302,193.246326023124,8172.42010094102,-4.80140514620692,-3.07032576421269
756,34.1228953278174,184.267351741473,8109.45336534306,-4.61169342361546,-2.91812931510216
759,32.9322315840676,175.748878019754,8102.69406962717,-4.48875322380206,-2.75744082040675
762,32.1085847712576,167.731318954121,8164.24132882383,-4.44234276867304,-2.58640121607777
765,31.7037711855508,160.243622457185,8298.97626496642,-4.48402620164939,-2.40237188718092
768,31.7681093706466,153.333077996989,8501.98111619931,-4.62468470775106,-2.20333096732659
771,32.3284310086996,147.037980499629,8759.79691386015,-4.86988274143059,-1.98856889834897
774,33.3971590137383,141.414657740867,9056.46996564256,-5.22149484125043,-1.75884490511462
777,34.9648512967158,136.498398211827,9377.26240994081,-5.67667624417016,-1.51578295406741
780,37.0196346417706,132.332518138723,9710.85485075356,-6.23186896540605,-1.26139532294295
783,39.5395998799595,128.937597134997,10048.5870280809,-6.88158669074818,-0.997722593928384
786,42.5089692316235,126.350890768,10384.4883601356,-7.62147056432427,-0.726866548626322
789,45.9021399191471,124.581773661624,10713.9008642725,-8.44537615698358,-0.45079823282385
792,49.6936640866525,123.650685601326,11033.3106139733,-9.34699400322512,-0.171790200563562
795,53.8434147824233,123.551715314788,11339.6432439236,-10.3170686253269,0.107649008441759
798,58.3057068595595,124.291995750403,11630.2426650391,-11.3448104657081,0.384272698277448
801,63.0166676995056,125.850987853312,11902.6252147708,-12.4156893507335,0.6544015222828
804,67.8990531692553,128.208595509027,12154.3520360325,-13.5120470332682,0.913452216635344
807,72.8562809490453,131.318504306698,12383.0573150354,-14.6121897188979,1.15629118432334
810,77.7746504449458,135.124446263514,12586.2099281995,-15.6906103232719,1.3769241198125
813,82.5276469084281,139.551501395498,12761.4924424038,-16.7191509199272,1.56902808790087
816,86.9739212597171,144.503262285505,12906.3733222554,-17.666582919046,1.7258967529048
819,90.9691037552301,149.871278959154,13018.5729271012,-18.5011918648418,1.84096178271192
822,94.3580524489701,155.504913529778,13095.3951101661,-19.1895168405819,1.90812563045577
825,97.0003238933538,161.266357498211,13134.533920064,-19.7012933175726,1.92190909369824
828,98.7584077594773,166.976359131491,13133.2230125039,-20.0076946748206,1.87819645692617
831,99.5236591099283,172.479043262483,13089.1150497013,-20.0862045208775,1.7741375699313
834,99.2062717759861,177.565934981928,12999.7429890877,-19.9196585359375,1.60962055678717
837,97.7694831736852,182.077862202126,12863.7609627315,-19.5023728217,1.3866803373979
840,95.2285090347258,185.83019483912,12681.0942796772,-18.8412546261793,1.1115345053338
843,91.67854198586,188.702545354945,12454.4510246936,-17.9607044266108,0.793921975417975
846,87.2848020862148,190.568823278419,12189.0670829795,-16.9015661241455,0.448410876992207
849,82.2800210750464,191.381728759575,11893.045767865,-15.7190037885489,0.0918496551120538
852,76.9257536793448,191.124789721047,11576.0513071615,-14.4743463484341,-0.25786049533379
855,71.4817837371781,189.854936104259,11248.632024144,-13.2271749428399,-0.585005041065732
858,66.1688746141559,187.651079706016,10920.6346297665,-12.0275662637997,-0.877090302286406
861,61.1543799676986,184.635247990212,10601.0444886455,-10.9123508168834,-1.12639832430182
864,56.5483495319375,180.938452485142,10297.6899141868,-9.90482484560101,-1.32928460123999
867,52.4122578207195,176.703584354207,10017.3708004788,-9.01673438203079,-1.48567776496453
870,48.7711829673204,172.068137250098,9765.95312113204,-8.25143110600935,-1.59778076104503
873,45.6241027216489,167.157655287109,9548.46191598427,-7.60639387225549,-1.66919980089042
876,42.9573607944587,162.089704894885,9369.29663386668,-7.07629864183034,-1.70415853952829
879,40.7489582848062,156.964261965526,9231.59036862225,-6.65419459435432,-1.70694107276864
882,38.9761243979177,151.875291289273,9137.22982161561,-6.33306009364857,-1.68171355223044
885,37.6122668722007,146.898150825973,9086.02880799337,-6.10532013395035,-1.63237251967617
888,36.6316706719211,142.101912660286,9075.98109899807,-5.96371868417034,-1.56257888775272
891,36.0050479266537,137.539111805287,9103.04593790882,-5.90046672582004,-1.47576571334178
894,35.704710286451,133.260191114496,9162.2041388408,-5.90818650112045,-1.37520045776635
897,35.6996463575783,129.298708440528,9247.67954487091,-5.97903187542533,-1.26389626857634
900,35.9614513287575,125.685270815393,9353.98070916376,-6.10581856794535,-1.14460936166817
903,36.4606341140584,122.435736140772,9475.89131418601,-6.28137699981171,-1.01975271393908
906,37.1728444597774,119.56902641063,9609.15656874404,-6.49968140890631,-0.891482931829567
909,38.073415391354,117.088584419704,9750.0528156758,-6.75491357156372,-0.761541504525646
912,39.1420675132165,115.000593696761,9895.65721821697,-7.04222920102154,-0.6314546548155
915,40.357897414582,113.298184754252,10043.4405420649,-7.35687573453729,-0.502422348768908
918,41.7041530589583,111.982647327767,10191.4696522135,-7.69492091385813,-0.375597735912588
921,43.1624731200369,111.041596663198,10338.0389851303,-8.05230560685954,-0.251855879778589
924,44.7165779639756,110.468291554822,10481.780046472,-8.42535379968846,-0.132092109855699
927,46.3478614796223,110.244269409558,10621.4316130012,-8.81005974991992,-0.0170265241127132
930,48.0393019501641,110.359610399102,10755.9534138981,-9.20263208414552,0.0924856551271502
933,49.7714348013361,110.792996805264,10884.38091122,-9.59891666324636,0.195747561637706
936,51.5250680917161,111.52768059064,11005.8656453711,-9.99473987732819,0.291951722802444
939,53.2787508620849,112.537394978951,11119.6086112176,-10.3855740803237,0.380408320186749
942,55.0111530121449,113.801040521652,11224.874561562,-10.7668258751674,0.460289967926749
945,56.6997673696434,115.289897949549,11321.0126341054,-11.1337657568644,0.530905549095005
948,58.3219431284272,116.97682947804,11407.4037515932,-11.4816019515777,0.591509802059476
951,59.8548437936673,118.829230360674,11483.5209036992,-11.8055987574192,0.641499154867923
954,61.2755558287971,120.814682678793,11548.8298288095,-12.1009990992261,0.680259634305342
957,62.5629054866517,122.899093021874,11602.9431516143,-12.3634823161846,0.707340471523954
960,63.6963584834856,125.046661647921,11645.4735682158,-12.5889079798208,0.722381616093999
963,64.658428259858,127.22229967012,11676.1988503394,-12.773833872692,0.725206166014414
966,65.4323666908843,129.386383262778,11694.8668467249,-12.9150725321861,0.715814251077644
969,66.006472719904,131.505082561361,11701.4468762779,-13.0105088001953,0.694379187930997
972,66.3710687913457,133.540600397864,11695.9214371715,-13.0585718016559,0.661320999119601
975,66.5224265538256,135.462912173977,11678.5224874987,-13.0589374896991,0.617237275655072
978,66.4587997930352,137.234999737636,11649.4959261336,-13.01187147163,0.563054842081076
981,66.1854899759469,138.83210988349,11609.3814579461,-12.9190608146878,0.499824719861739
984,65.7108223390592,140.225572172582,11558.8005935664,-12.7829693547639,0.428909909861499
987,65.0498558525948,141.399661673395,11498.6882971951,-12.6073967594225,0.351757500589436
990,64.2198586946565,142.332674868498,11430.063433878,-12.396766879629,0.270130348501241
993,63.2438876514865,143.017629827513,11354.2300467862,-12.1565865763618,0.185762336172214
996,62.1466938317946,143.445735775562,11272.5901480469,-11.8927909405903,0.100551277535621
999,60.9566685748803,143.621663287011,11186.7705566581,-11.6119196986173,0.0162583032671797
1002,59.7018049501447,143.546738089797,11098.4175096833,-11.320480462492,-0.0652877434300967
1005,58.4110641347362,143.234201835798,11009.2644519759,-11.0249900829088,-0.142529291238573
1008,57.1115100643762,142.696851977405,10920.9981685648,-10.7315307972501,-0.214022733253295
1011,55.8289442388857,141.956538276969,10835.2698170872,-10.4457256870678,-0.278663735516133
1014,54.5858239029392,141.033005109696,10753.5765599753,-10.1724557874792,-0.335511580774284
1017,53.4016024670014,139.95182760972,10677.2407802284,-9.9157952251539,-0.383990128776867
1020,52.2920815655079,138.737564623631,10607.3811981616,-9.67898452364341,-0.423738050177556
1023,51.2696665888891,137.41781337077,10544.8712380179,-9.46441650642376,-0.454706058765457
1026,50.3434507638399,136.018063511413,10490.356125134,-9.2737494780218,-0.477006284398982
1029,49.5190614799501,134.564096951765,10444.1983364638,-9.10782773407747,-0.490990148765199
1032,48.7995615130405,133.079902064991,10406.5578338445,-8.96692977004296,-0.497129502780366
1035,48.1852840956226,131.588217680438,10377.3423149016,-8.85071990691003,-0.496042952498114
1038,47.675060053683,130.110078596976,10356.3253053614,-8.75854288652041,-0.488401241729848
1041,47.2654906220224,128.663640442165,10343.0775737828,-8.68927556134162,-0.474942613417104
1044,46.9523785337969,127.265539595606,10337.0968102347,-8.64163608948097,-0.456415728774569
1047,46.7300557333188,125.929169160308,10337.7481469727,-8.61405841364756,-0.433575900175317
1050,46.5929109714892,124.667417466913,10344.4026229861,-8.60499890910059,-0.407160427483413
1053,46.5342170286048,123.489104127184,10356.3522792364,-8.61272753466506,-0.377866344707583
1056,46.5475388299935,122.402561447706,10372.9249068375,-8.63559127643412,-0.346357476375191
1059,46.6257388959473,121.412350793791,10393.4122886608,-8.6718417885612,-0.313238202034603
1062,46.7624140347019,120.523866741056,10417.1804592528,-8.71988690977489,-0.279087430085997
1065,46.9505919242028,119.738378535361,10443.584257891,-8.77807668773167,-0.244405751655744
1068,47.1839244007063,119.057659564317,10472.0470000137,-8.8448976408136,-0.209666354947294
1071,47.4556660725522,118.479920598985,10501.9947625034,-8.91880837573518,-0.175268509013363
1074,47.759873006231,118.005028286399,10532.9307383836,-8.99842439927695,-0.141604717958863
1077,48.0902819874562,117.629265279631,10564.371132743,-9.08235188289799,-0.108987767807676
1080,48.441220295365,117.349925118027,10595.8921815201,-9.16931640010588,-0.0777195669685549
1083,48.8067972901692,117.161353355892,10627.0860797484,-9.25804627638688,-0.0480334722002329
1086,49.1817739253971,117.05967914482,10657.6020732009,-9.34738944662625,-0.0201696657214723
1089,49.560825404204,117.038357203631,10687.1136731342,-9.43622246333916,0.00570132393550682
1092,49.9391096475626,117.091867008128,10715.337065899,-9.52351588125319,0.0294122699114852
1095,50.3118015714636,117.212640177606,10742.0135193257,-9.60828145435472,0.0508547906680661
1098,50.674560201815,117.39448541949,10766.9201067907,-9.68961885764491,0.0699139698141698
1101,51.0232536396661,117.629689941917,10789.8680120988,-9.76670421394785,0.0865317079176637
1104,51.3541493386897,117.911266419308,10810.6960990138,-9.83879363807049,0.100656084095792
1107,56.8013436494971,118.570377532404,12006.788152716,-11.0978218055056,0.445227421932059
1110,71.0643568527695,121.111778534565,13135.5388961528,-14.3796509286541,1.32447366784689
1113,92.9985462932336,126.934511305463,14190.9353878236,-19.3917605962006,2.62265776760708
1116,121.967740725395,137.196393575447,15159.1926146802,-25.9646596194022,4.26473889608192
1119,156.816799580505,152.835040105857,16019.5343882669,-33.8117676577689,6.14728399329286
1122,195.18721681961,174.192957859137,16740.3525458372,-42.3765392362276,8.103406854368
1125,233.510846462378,201.290164129353,17284.2820159496,-50.8260430085667,9.89466695687678
1128,267.029748631835,233.083613081574,17604.7540796576,-58.0690574732177,11.2332632370961
1131,290.732926765021,267.868343312294,17656.5111737968,-62.9673493970692,11.8331781697761
1134,299.869295365604,303.074395925385,17392.4692095427,-64.4590586896946,11.4500988361734
1137,291.947406441269,335.500397503828,16831.5451281619,-62.0210542756205,10.0081492270373
1140,269.161182461314,362.294386715814,16069.0027026448,-56.2171052400796,7.73396429603585
1143,237.661429572953,381.557469558443,15222.495142031,-48.5169250295962,5.09111207185289
1146,203.892928561439,392.915295974973,14365.1500412927,-40.4311021920636,2.51979447207399
1149,172.260839868058,397.028842424035,13541.3491562708,-32.975489743322,0.295061341071974
1152,144.938791328565,395.147214522532,12775.6667000492,-26.6345565004979,-1.4733808661549
1155,122.484809145062,388.65717914539,12080.9073040388,-21.5132946342345,-2.78741201472961
1158,104.558360881339,378.824863549273,11461.2890981455,-17.5092260805075,-3.70541603520843
1161,90.4495676490768,366.742046373828,10915.7875470541,-14.436861911321,-4.30548649393004
1164,79.3843890180782,353.231462333608,10440.2611570319,-12.1006338799708,-4.6624122463783
1167,70.6705199210386,338.944603517698,10028.9488538128,-10.3271588267084,-4.8407071953083
1170,63.747210237848,324.319154291791,9675.52633166914,-8.97763715928347,-4.89008942327577
1173,58.1765318078606,309.693667916599,9373.48709403851,-7.94373012638081,-4.84929518742861
1176,53.6331860716789,295.283235881816,9116.70741642399,-7.14562397644962,-4.74607272764835
1179,49.8738548629682,281.255704891179,8899.45296674193,-6.52349271242871,-4.6013734803111
1182,46.7229703581601,267.703167563631,8716.72595056501,-6.03469609756528,-4.42949730443104
1185,44.0491685476156,254.695051509201,8564.0096744212,-5.64732020942787,-4.24115839693341
1188,41.7573544271304,242.264250497896,8437.77775074808,-5.33857814515657,-4.04362343101079
1191,39.7765165461965,230.426424212865,8335.41061101725,-5.0916158447877,-3.84206782170704
1194,38.0621477872688,219.206807760794,8256.94295048221,-4.89558949410585,-3.64016988138022
1197,36.5858103184788,208.584815342461,8204.8028801941,-4.74423788626698,-3.43924532023743
1200,35.3476751750221,198.573010314019,8187.16602469716,-4.63737250482604,-3.23963679415117
1203,34.374336844391,189.151624953922,8216.79450640694,-4.58155814331688,-3.03901424695417
1206,33.7304851171361,180.3419078749,8309.78274792868,-4.59150274778812,-2.83366385048356
1209,33.4997492163246,172.159648252718,8476.65756882961,-4.68643272769906,-2.61845529088222
1212,33.7729897336125,164.64687382297,8716.45537903671,-4.88678474712225,-2.38851561337621
1215,34.6148017413315,157.844288348313,9016.32905227384,-5.20689092118983,-2.14068558584854
1218,36.0682324456754,151.819250189029,9358.52855304178,-5.65557090055405,-1.87399367561547
1221,38.1427963555243,146.618691084875,9726.08236377951,-6.23419143292763,-1.58912820384183
1224,40.8392672071706,142.302561174427,10105.8039935448,-6.9418430542593,-1.2877270920134
1227,44.14040021231,138.905256066256,10487.6726778522,-7.7738766059101,-0.97190932347078
1230,48.0313523978177,136.48035844442,10864.698353967,-8.72585449686497,-0.644174487215512
1233,52.4796222915095,135.04953231428,11231.4043578689,-9.7897991592744,-0.307299879119978
1236,57.445726680859,134.644020018094,11583.4868557796,-10.9559298009624,0.0352018206382481
1239,62.8648390964096,135.263515483564,11917.1161749751,-12.2091258106732,0.379017473102624
1242,68.6543563644758,136.91257031205,12228.7511749877,-13.5300303581586,0.718511927625457
1245,74.7020454701155,139.563674348543,12515.0614579271,-14.8929559245686,1.04697826939726
1248,80.8675207517088,143.176167430311,12772.6083571292,-16.2658851312112,1.35620333162334
1251,86.9818511437836,147.678438631635,12998.0905846071,-17.6107027463077,1.63694316936071
1254,92.844412040028,152.961485880471,13187.8245809958,-18.8825782175737,1.87889468543101
1257,98.2424206600875,158.902139133649,13338.4716014012,-20.0341016849238,2.07134351690602
1260,102.942936543617,165.327811322877,13446.2135890756,-21.0140583209734,2.20362411714186
1263,106.721144744319,172.062875303774,13507.4927863683,-21.7731845257269,2.26569831530276
1266,109.346629882892,178.850897058843,13518.0384297274,-22.2623791473625,2.24943186295874
1269,110.629026777933,185.473981215141,13473.9386436815,-22.4411853776061,2.14827443579914
1272,110.408104756642,191.648017949703,13371.0126048178,-22.2773816926159,1.95955072034514
1275,108.606245424162,197.142234998892,13206.8707256116,-21.7570529929307,1.68458973891477
1278,105.239546052083,201.682127813052,12981.40826059,-20.8889463004001,1.33220068025585
1281,100.467022961516,205.073533359704,12699.247572338,-19.713695660238,0.91845649972155
1284,94.5812847662103,207.152653232777,12369.5581788889,-18.3025545684895,0.467480575126662
1287,87.9777507949431,207.86742967516,12005.5507424485,-16.7487340398777,0.00710127730229626
1290,81.0740459530725,207.216427157547,11621.4528883141,-15.1497059861858,-0.434799277568445
1293,74.2434909552621,205.299291836482,11230.9805683218,-13.5907668258676,-0.836141251707621
1296,67.7658104214362,202.253502347144,10845.7168653228,-12.1346860253567,-1.18215073502075
1299,61.8195068891895,198.265699964632,10475.1165195808,-10.8197206990297,-1.46618744881488
1302,56.4933451512107,193.519560706491,10126.5119370358,-9.66324306789176,-1.68751006437493
1305,51.8104406003329,188.199752031516,9805.7817022394,-8.66728913344406,-1.84978182025991
1308,47.7545227367303,182.473852654712,9518.15600636249,-7.82501555999988,-1.95881008933562
1311,44.2889520823256,176.490750419297,9268.44216251051,-7.12516608431299,-2.02123343360092
1314,41.3731462037762,170.385206737124,9061.46941565255,-6.55582126444856,-2.04355517021872
1317,38.9659809788655,164.263854083869,8901.59171843142,-6.10544669960433,-2.03152200437861
1320,37.0344268430173,158.226149627096,8792.46309287694,-5.76452717924169,-1.99013879086549
1323,35.5485585857189,152.348143001623,8735.56151598573,-5.52469743360791,-1.9235437606948
1326,34.4848851200012,146.705390063425,8729.96760684353,-5.37910246624105,-1.83543228772673
1329,33.8171160087091,141.35381476288,8771.55076028208,-5.32059104270704,-1.72913310637328
1332,33.5198836903332,136.346141047774,8854.08926136808,-5.34228544808792,-1.60782324411202
1335,33.5629084992372,131.718036738458,8969.83133169649,-5.43647192124398,-1.47452652934679
1338,33.9184160240442,127.506879163607,9111.28021058479,-5.59599017839321,-1.33214795058355
1341,34.5557473439989,123.731728139957,9271.39333332059,-5.81333992923688,-1.18326857616251
1344,35.448671167998,120.412142016534,9444.42434197082,-6.0820449328383,-1.03018834866003
1347,36.5702231063394,117.551838030422,9625.50285218521,-6.39574591213819,-0.874809652555934
1350,37.8996243974631,115.162392603694,9811.00276850984,-6.74938400903786,-0.718843983242932
1353,39.4148111061152,113.238147498622,9997.89544545485,-7.1379138490277,-0.56360281031105
1356,41.0975630955423,111.779731072572,10183.8803970756,-7.55707264218585,-0.410318517796925
1359,42.927064532489,110.772870268675,10366.9501248937,-8.00226287087757,-0.259976587224011
1362,44.885423447768,110.214458395488,10545.5439158801,-8.46936622759155,-0.113682264324665
1365,46.9510670959055,110.085906602125,10718.2441137558,-8.95368705082416,0.0276501354853338
1368,49.1028879422451,110.375222413679,10883.8510471718,-9.45051829415393,0.162951412976287
1371,51.3155811480525,111.056923975211,11041.2217712707,-9.95441880166296,0.291252703902092
1374,53.5637250282336,112.113643124581,11189.3317861287,-10.4597726315955,0.411348695644047
1377,55.81837627473,113.515771954933,11327.2300499052,-10.9603646709837,0.522144238979336
1380,58.0494264216249,115.236573073817,11454.0131195371,-11.4496557455219,0.62238561117955
1383,60.2242113370014,117.239406000747,11568.8503651991,-11.9206904149837,0.710927798809361
1386,62.3088696804153,119.489042004224,11670.9029534566,-12.3662082223231,0.786506188878346
1389,64.269462191758,121.944374455578,11759.473592036,-12.7790374000967,0.848016623581207
1392,66.0715516124567,124.562128398445,11833.8502845035,-13.1519294053591,0.894382852631846
1395,67.6827300620162,127.296266758618,11893.4848238961,-13.478159437041,0.924741759118817
1398,69.0704669476476,130.09466286778,11937.7640132087,-13.7510847810975,0.938393661145133
1401,70.2076697186182,132.909396937958,11966.3170348258,-13.9652551112299,0.934882855413914
1404,71.0692004814113,135.686163398003,11978.7474004272,-14.1157922929717,0.914063912089752
1407,71.6374696048445,138.378198569626,11974.9388339996,-14.1994423277432,0.876082074572895
1410,71.8974126520279,140.927637719065,11954.7474241358,-14.2137422663387,0.821563780476706
1413,71.8443546704823,143.291814111609,11918.4008837606,-14.1583770453257,0.75139979246256
1416,71.478710372361,145.420838516143,11866.2174087169,-14.0343505078028,0.667023727247918
1419,70.8122147884527,147.282079570641,11798.9693760087,-13.8449941251122,0.570137531330311
1422,69.8618754769337,148.833043339293,11717.5959337178,-13.5950489445095,0.463072598294306
1425,68.6560822872097,150.052704109358,11623.5349620535,-13.2915215498758,0.348314127580568
1428,67.2287077708662,150.917144084239,11518.4809944665,-12.9427504056099,0.228794336289811
1431,65.6221780241036,151.423272427789,11404.6080991088,-12.5586911311795,0.107428736217712
1434,63.8810587321561,151.564073798334,11284.2697553901,-12.1498699381394,-0.012613921869908
1437,62.053529128596,151.351721120368,11160.1038775694,-11.7273073217566,-0.128464744213061
1440,60.1862301256645,150.799540119921,11034.8119645659,-11.3016438756262,-0.237389879850445
1443,58.3244006845428,149.935861576227,10911.1620544163,-10.8829202522801,-0.337171810905965
1446,56.5080115536422,148.787988515926,10791.7587074391,-10.4799665410148,-0.425915269751458
1449,54.7716892975307,147.392673466775,10679.0005112987,-10.1001940457855,-0.502347571804039
1452,53.1435079268142,145.786760190595,10574.995227999,-9.74948348248825,-0.565635440553408
1455,51.645225914796,144.011744992768,10481.4681672334,-9.43215734994752,-0.615497752446162
1458,50.2924982617004,142.107169547926,10399.7476618948,-9.15114954201023,-0.652005197085762
1461,49.0947465240808,140.112594523368,10330.6729481608,-8.90793913701216,-0.675644562234994
1464,48.0567701893428,138.065388153559,10274.6951264632,-8.70296659290315,-0.687148986856246
1467,47.1786542253361,136.000432681504,10231.7943240482,-8.53561751291473,-0.687495851456333
1470,46.4578274196487,133.950284374699,10201.6626420051,-8.40470001534776,-0.677774065007347
1473,45.8881376416249,131.942685057657,10183.6163374595,-8.30827420623992,-0.659175584607461
1476,45.4621540928349,130.00298689997,10176.8093128685,-8.24414528408626,-0.632910267052595
1479,45.1702741563853,128.151294254914,10180.1629518374,-8.20970710458238,-0.600184864030978
1482,45.0030958702051,126.406814839881,10192.5970187672,-8.20241664535304,-0.562167481413286
1485,44.9497584143572,124.782518119636,10212.9181448257,-8.21950390662937,-0.519947676959861
1488,45.0000580531635,123.290499455648,10240.0032107751,-8.25836810109001,-0.47454656899372
1491,45.1429945744789,121.937193757469,10272.6993504797,-8.31632551421231,-0.426878852442201
1494,45.3688800671783,120.730200606233,10309.9912174917,-8.39097745919797,-0.377804558060738
1497,45.6674052587939,119.671072217086,10350.8741780045,-8.47989021704428,-0.328054714925562
1500,46.0293516353792,118.762117584572,10394.4682482594,-8.58087081944473,-0.27830896229752
1503,46.4450485276721,118.000479369241,10439.9188092165,-8.69171472853123,-0.22913148643986
1506,46.9060929434894,117.385792918875,10486.5000748984,-8.81046787616798,-0.181072210268996
1509,47.4036633711079,116.912524301341,10533.5187272356,-8.93517252656745,-0.134563278297275
1512,47.9298176628675,116.576699416987,10580.3768263885,-9.06404776829964,-0.090022169681482
1515,48.4762701096529,116.370089502362,10626.5060510599,-9.19530988311849,-0.0477693635139516
1518,49.0356470786309,116.287135786593,10671.4225059624,-9.32733942525763,-0.00813977904677987
1521,49.600384637924,116.318410200246,10714.6793077122,-9.45854289672324,0.0286280217334489
1524,50.1635491859164,116.456008898499,10755.8894143841,-9.58744616340779,0.0622945434367386
1527,50.71814810788,116.689040697769,10794.7010189077,-9.7126156367277,0.0927005451033505
1530,51.2578073233669,117.008597422398,10830.8095926775,-9.83272599807536,0.119672136623562
1533,51.7763867399442,117.403553589279,10863.9579437258,-9.94654684072735,0.14311351484387
1536,52.2682496114348,117.863779560034,10893.9240896242,-10.0529470991524,0.162934368312868
1539,52.7281607260529,118.377733658004,10920.5338169158,-10.1509150726002,0.179110948344633
1542,53.1513262566868,118.934762873421,10943.635368274,-10.2395258924981,0.191623887649373
1545,53.5336944696249,119.523852266373,10963.1375873112,-10.3180344259481,0.200513491680233
1548,53.8716747132076,120.134303436414,10978.969603429,-10.3857973706015,0.20584188403611
1551,54.1625443481151,120.755707110983,10991.1213984341,-10.4423687034514,0.207720907655723
1554,54.4039077504018,121.377444726567,10999.5903184166,-10.4873825103683,0.206290104702327
1557,54.5945027715309,121.990302254834,11004.4432340144,-10.5207118178148,0.201725000011279
1560,54.7334770572581,122.584798332796,11005.75817707,-10.5423301315518,0.194235972014179
1563,54.8211189433817,123.153254341839,11003.6800899993,-10.5524443411799,0.184058640531209
1566,54.8579097580529,123.686962239967,10998.3517910013,-10.5513250846372,0.171470502562045
1569,54.8455625396079,124.1799325355,10989.9833279613,-10.5394809707176,0.156754555427955
1572,54.7860515772905,124.625542521956,10978.787771431,-10.5174930797565,0.140229058321831
1575,54.6824388431227,125.019960122548,10965.0378039853,-10.4861455460156,0.122206137603038
1578,54.5377654223656,125.35789222606,10948.9949831147,-10.4462441944418,0.103037701786931
1581,54.3560514027498,125.637346859963,10930.9706490337,-10.3987632631877,0.0830478941298076
1584,54.1413114365918,125.855540592095,10911.2678765921,-10.3446901123182,0.0625828002985944
1587,53.8982881477374,126.01274000443,10890.2270954261,-10.2851265071188,0.0419510824516018
1590,53.6314331342215,126.107651897004,10868.166356834,-10.2211346665243,0.021485958517375
1593,53.3456896146805,126.142085577118,10845.42395161,-10.1538351117203,0.00146598683566412
1596,53.0456992848899,126.11702052143,10822.3162067259,-10.0842930963877,-0.0178269896415699
1599,52.7363443499558,126.036063354875,10799.1663698662,-10.0135822267192,-0.0361691318221611
1602,52.4220044568811,125.901369992395,10776.2652090434,-9.94268522189538,-0.0533292208420799
1605,52.1070581703041,125.717425053938,10753.8929229524,-9.87254220845391,-0.0691417371361542
1608,51.7953991947651,125.487901502746,10732.298075104,-9.80399493630435,-0.0834506111839648
1611,51.4907649010906,125.218260345852,10711.7099200758,-9.73781616760261,-0.0961605860376742
1614,51.1963439845706,124.912742336191,10692.3229333193,-9.67467282665088,-0.107178594139467
1617,50.9150068313581,124.576909894299,10674.3007242563,-9.61513353529933,-0.116470035536683
1620,50.6491389943787,124.215591919757,10657.7755577842,-9.55966712438975,-0.124011960537595
1623,50.4007711074721,123.834478430991,10642.8473668612,-9.50864395360425,-0.129829348617677
1626,50.1715044324017,123.438357550938,10629.5892639553,-9.46235059390697,-0.133950387002685
1629,49.9625132059642,123.032403871732,10618.0381191861,-9.42096695039046,-0.136442622654228
1632,49.7746237484597,122.621217586098,10608.2091048136,-9.38460219125699,-0.137380609347273
1635,49.608278681915,122.209483094918,10600.0853512729,-9.35327442405439,-0.136866853880618
1638,49.4636879919013,121.801356271911,10593.6371030705,-9.32695708407556,-0.135004477293764
1641,49.3406641473208,121.400686139819,10588.8040105746,-9.30553643183269,-0.131914454118962
1644,49.2388486776295,121.010970657566,10585.5171266487,-9.28886522494566,-0.127719261234909
1647,49.1575587424162,120.635265348346,10583.6832335707,-9.2767285790181,-0.12255053153473
1650,49.0960615460064,120.276465223348,10583.209526546,-9.26890287182548,-0.116538704742412
1653,49.0533138878265,119.936749556334,10583.9826507748,-9.26510506674131,-0.109814743459777
1656,49.0282479036791,119.618179975467,10585.8915153525,-9.2650485113045,-0.102507939063355
1659,49.0195574305776,119.322100982821,10588.8102621566,-9.26840398865925,-0.0947432595985693
1662,49.0260096553822,119.049991230878,10592.6220756876,-9.27485695781565,-0.0866445637235056
1665,49.0461607487336,118.802459299069,10597.199496138,-9.28405946017599,-0.0783252576036335
1668,49.0786343429239,118.580183165334,10602.4236174486,-9.29567801640344,-0.0698962057372132
1671,49.1219033903413,118.383058832684,10608.169130428,-9.30935820624297,-0.0614562804740912
1674,49.1745751265816,118.211293390575,10614.3232298342,-9.3247712860707,-0.0531041689319827
1677,49.2351424344383,118.064267756909,10620.7705555103,-9.34157685124333,-0.0449228987321415
1680,49.302210020369,117.941541237466,10627.4064466212,-9.35945734588975,-0.0369930698797434
1683,49.3743155473671,117.841982813083,10634.1263980286,-9.37809212202656,-0.0293802973321116
1686,49.4501453062563,117.76482399951,10640.8380879054,-9.39718861995355,-0.0221505044175996
1689,49.5283610465891,117.708651093794,10647.4527223365,-9.41646028492302,-0.0153530671130964
1692,49.6077476165803,117.672257457009,10653.8916166414,-9.43564552040797,-0.00903499025883781
1695,49.6870998199606,117.653940588849,10660.0810863642,-9.45449406849659,-0.00322864071866213
1698,49.7653461807423,117.652308879012,10665.9571905425,-9.47278122013056,0.00203376788339815
1701,49.8414685844435,117.665583610918,10671.4637144669,-9.49030175556556,0.00673448871580162
1704,49.9145622322166,117.692159287638,10676.5525058758,-9.5068737459238,0.0108584476779781
1707,49.9837966213056,117.730179701693,10681.1836238124,-9.52233715645567,0.0144025892211412
1710,50.0484435141677,117.777982886031,10685.3235625746,-9.53655228265069,0.0173652014291059
1713,50.1078862951903,117.833798626229,10688.9488924599,-9.54940743324934,0.019755064455337
1716,50.161598339314,117.895959325626,10692.0415896505,-9.56081004901036,0.0215840658684328
1719,50.2091711671297,117.962793745021,10694.5933823442,-9.57069520423896,0.0228720722671341
1722,50.2502588811931,118.032683472297,10696.5990285287,-9.57901161520633,0.0236416336178491
1725,50.2846587983695,118.104152249676,10698.0638738418,-9.58573883023151,0.0239208413398273
1728,50.3122263515197,118.175743734232,10698.9959017273,-9.59086959594433,0.0237411000153842
1731,50.3329529912566,118.246205812376,10699.412723058,-9.59442468318939,0.0231371265228637
1734,50.3468509295898,118.31420628554,10699.3319166705,-9.59643116322781,0.0221472787741126
1737,50.3540781133466,118.378740529531,10698.780481291,-9.59694415621364,0.0208103986938935
1740,50.3548149485288,118.438747736774,10697.7854895427,-9.59602504429112,0.0191684088352488
1743,50.3493697812214,118.493511975171,10696.3820633737,-9.59375879182734,0.017262041872063
1746,50.3380332744643,118.542134802327,10694.6028437809,-9.5902295555145,0.0151359950805108
1749,50.3212192769462,118.584146690436,10692.4874551768,-9.58554243691589,0.0128310905204911
1752,50.299330156674,118.618963890451,10690.0734877139,-9.57980193551875,0.0103906038352424
1755,50.2728682084377,118.646409755693,10687.4040189721,-9.57312846519862,0.00785299956874574
1758,50.2422881490426,118.666063536024,10684.5179963403,-9.56563577654587,0.00526044967852246
1761,50.2081295013788,118.677950366952,10681.4582751168,-9.55744930122562,0.00264821399297976
1764,50.1708936138394,118.681946281019,10678.2642401846,-9.54868827448339,5.32093666287814e-05
1767,50.1311435949118,118.678323774831,10674.9778566819,-9.53947913381581,-0.00249470308445932
1770,50.0893774647018,118.667091254211,10671.6362179517,-9.52993793108114,-0.00496255891126762
1773,50.0461350216325,118.648651079648,10668.2773051924,-9.52018330359944,-0.0073257108024487
1776,50.0019023714509,118.623245155873,10664.9349990241,-9.5103242777772,-0.00955856902334329
1779,49.9571891035013,118.591446465758,10661.6431345995,-9.50046933992439,-0.0116433086500745
1782,49.9124358320047,118.553579626488,10658.4308245136,-9.49071539789524,-0.013559703703754
1785,49.8680868304703,118.510267183996,10655.3256704673,-9.48115479649164,-0.0152956804267081
1788,49.8245293683524,118.461980474653,10652.3513375581,-9.47186932883398,-0.0168387039712823
1791,49.7821431980591,118.409425871421,10649.5295420458,-9.46293476067281,-0.0181833643845821
1794,49.7412470416169,118.353102969191,10646.8781462416,-9.45441637693744,-0.0193224930239531
1797,49.7021358374006,118.293695983173,10644.4120288867,-9.44637055630549,-0.0202557097596774
1800,49.6650544709187,118.231762552331,10642.1429171363,-9.43884429983865,-0.0209824041711097
